Apartment,Gender,Address,Phone,Price,PrivateRoomPrice,Capacity,ParkingStalls,Deposit,UtilityDeposit,FloorPlans,Website,Latitude,Longitude,MilesToCampus,WalkingMinutes,Description
ABBY LANE MANOR,F,437 S 4TH W,(208) 359-3687,1035,1060,42,38,100,0,3,www.abbylaneapartments.com,43.8169418,-111.7952062,0.745647284,16,"We are a small women's complex offering private rooms and quaint living.  Many students enjoy our advantages enough that they stay with us until graduation.  We are sure you would like staying with us!  We offer free parking, off-track storage and wireless internet- NOW with cheaper rent prices!"
ABODE DUPLEX,M,224 E 2ND S,(912) 399-1107,980,980,6,3,100,0,1,sites.google.com/site/robertspencerbrown/abodehouse,43.8218153,-111.7771495,0.186411821,4,"This cozy little apartment is located only one block from campus. There are a lot of freebies for the price. All utilities are included, there is a free-to-use, in-apartment washer and dryer, free WiFi, and free covered parking. When you sign for two semesters at a time, you receive a $100 discount. Join us now for a great ""small complex"" feel!"
ABRI APARTMENTS - MEN,M,220 E 1ST S,2084177223,1420,1445,138,216,150,0,3,www.liveabri.com,43.8239342,-111.7773062,0.310686368,8,"24 hour special $100 off! Look no further than the Abri, Rexburg's newest student housing community. Currently leasing women's spots for fall '17, & men's for winter '18. From upscale, modern finishes, to our state-of-the-art fitness center, to our courtyard with firepit, Abri is the place to be! We offer both standard & townhome style residences."
ABRI APARTMENTS - WOMEN,F,220 E 1ST S,(208) 417-7223,1445,1495,150,216,150,0,3,www.liveabri.com,43.8239342,-111.7773062,0.310686368,8,"$100 OFF SPECIAL! Look no further than the Abri, Rexburg's newest student housing community. Currently leasing women's spots for fall '17, & men's for winter '18. From upscale, modern finishes, to our state-of-the-art fitness center, to our courtyard with firepit, Abri is the place to be! We offer both standard & townhome style residences."
ALBION APARTMENT,F,231 W 2ND S,(801) 856-0732,1062.5,1150,5,4,100,0,3,,43.8218385,-111.7906463,0.186411821,4,"Cute, newly painted basement apartment across the street from Porter Park and 1.5 blocks from the Hart building. Utilities and Internet are free. Washer and Dryer included in the Apartment. There are a total of 3 bedrooms;1 private room and 2 shared rooms. The apartment is shared by 5 girls. Call soon, our rooms go fast. Thank you for your interest. 
"
ALEXANDER APARTMENT,F,276 W 3RD S,208-995-8543,972.5,1115,22,18,100,0,10,www.alexanderapartments.wordpress.com,43.8197811,-111.7918951,0.434960916,8,We are also signing for Fall and Winter 2017. Get $25 off per semester for signing 2 consecutive semesters. No application fee or parking fee and get $40 in quarters for laundry each semester.
ALLDREDGE HOUSE ,F,243 S 1ST E ,208-206-4697,1045,1095,8,8,150,0,3,,43.82073,-111.780478,0.186411821,5,Hurry quick! Come make ALLDREDGE HOUSE your home away from home! Located directly across the street from the Clarke and Kirkham Buildings and only a few blocks away from down town. Great ward with the guys right next door!
ALLEN RIDGE APARTMENTS,M,57 S CENTER ST,(801) 864-1708,890,890,17,9,100,0,1,allenridge.blogspot.com,43.824663,-111.7835934,0.310686368,6,"The best kept housing secret at BYU-Idaho. Small complex (only 17 tenants), but large living areas and rooms.  Private, but in the best location in town - central to campus, shopping, and great activities.  Best of all, a great ward!"
ALLEN'S SUNRISE VILLAGE - MEN,M,48 W 2ND S,356-3995,1000,1075,138,133,100,0,3,www.sunrisevillageapts.com,43.821866,-111.7852097,0.062137274,1,"Allen's Sunrise Village offers housing for both men and women! We are well-known for our friendliness,low prices,great location,fantastically reliable OPTIX internet,friendly residents and amazing managers. You'll love being in the same ward as the Sunrise Village women!  We would love to have you come and live with us and find out why everyone loves Sunrise Village. www.SunriseVillageApts.com"
ALLEN'S SUNRISE VILLAGE - WOMEN,F,48 W 2ND S ,208-356-3995,1000,1075,144,133,100,0,3,www.sunrisevillageapts.com,43.82186,-111.785197,0.062137274,1," We offer housing for both men and women! We are well-known for our friendliness, new modern remodel, low prices, great location, our fantastically reliable OPTIX internet and amazing managers. You'll love having all Sunrise residents in your ward!  Now offering Unlimited Laundry each semester for $25!  We would love to have live with us and find out why everyone loves to live at Sunrise Village. "
ALPINE CHALET,M,460 S 2ND W,(208) 356-9282,999,999,252,111,75,0,1,www.rexburghousing.com,43.8165761,-111.7895659,0.434960916,10,"Alpine Chalet is a great place to live!  It is close to campus and surrounded by many BYUI housing complexes.  It has an amazing pool, hot tub, and weight room. Not to mention, we added 2nd fridges and smart TVs to all of our apartments! There is an outdoor gas fire pit and built-in barbecue area that is great for hanging out with friends or studying."
ALTA VIEW APARTMENTS,M,346 W 2ND S,208-360-0097,895,895,26,30,80,0,19,www.altaviewapts.com,43.8218751,-111.7938578,0.372823642,7,"Make Alta View your home next semester. Alta View Apartments is BYUI mens approved housing. Newly remodeled, comfortable, affordable housing. Free satellite television, Optix high-speed internet, great ward, on-site laundry, tons of parking, and located next to Porter Park. Earn $25 for each signed referral. Call us today at 208-360-0097 for questions or to schedule a tour!"
AMERICAN AVENUE - MEN,M,151 S 1ST E,2083565097,1202.5,1380,59,0,100,0,3,myamericanavenue.com,43.822203,-111.780098,0.248549095,6,"American Avenue, BYU Idaho Approved Men and Women's housing, is less than a 1/2 block from campus. We have ample parking, onsite FREE laundry, Fiber Optix high speed internet, 32"" flat screen SONY TV's, heated wood floors, and various layouts. We would love for you to come take a tour!

Bring a friend and get $100 per friend you bring that signs. Unlimited friend credits!"
AMERICAN AVENUE - WOMEN,F,151 S 1ST E,(208) 356-5097,1050,1075,165,0,100,0,6,myamericanavenue.com,43.8228628,-111.7807632,0.372823642,7,"American Avenue, BYU Idaho Approved Men and Women's housing, is less than a 1/2 block from campus. We have ample parking, FREE onsite laundry, Fiber Optix highspeed internet, 32"" flat screen SONY TV's, heated wood floors, and various layouts. We would love for you to come take a tour!

Bring a friend and get $100 per friend that you bring. Unlimited friend credits!"
ARBOR COVE,M,220 S 2ND W,(208) 356-8988,1018.333333,1045,97,60,75,0,6,,43.8214093,-111.7895566,0.186411821,4,"Arbor Cove is truly a one of a kind community. Each apartment has a unique layout with options for large bedrooms, private bathrooms, and large spacious living areas. We are one block from campus, right next to Porter Park, and within walking distance to the grocery store. You can also spend time in our field playing volleyball, soccer, or having a BBQ with your friends!"
ARCADIA APARTMENTS,M,138 VIKING DR,208-881-2935,995,995,41,30,100,0,6,www.arcadiarexburg.com,43.8177393,-111.7886609,0.372823642,8,"Arcadia Apartments is located just across from the BYU Idaho Center, literally steps from campus. Arcadia is priced at just $1045 for the semester. Arcadia offers clean, comfortable apartments and a very social atmosphere.  Awesome amenities include World Gym Membership, Sand Volleyball, Basketball Court, Apple Tv, and so much more.  Call/text us at 208-881-2935 for info or to schedule a tour! "
ARPAD,M,271 S 2ND W,208-881-5026,1150,1225,67,27,150,0,6,www.arpadhousing.com,43.820138,-111.788876,0.248549095,5,"Ideal Location. Across the street from Taco Time, and close to the Hart (state of the art gym facility) Building.  


"
ASPEN VILLAGE - MEN ,M,545 S 2ND E ,208-356-7701,1100,1200,144,80,75,0,20,www.aspenvillageapartments.com,43.8146367,-111.7780764,0.372823642,6,"Great management. Price. Location. Pool. Semester after semester, students tell us this is why they love and remain at Aspen Village! Located across from campus and the temple we offer great views, FREE parking, acres of open land and a brand new MOVIE THEATER in our huge lounge!"
ASPEN VILLAGE - WOMEN,F,545 S 2ND E,(208) 356-7701,900,1000,210,84,75,0,10,www.aspenvillageapartments.com,43.814649,-111.778083,0.372823642,6,"Great management. Price. Location. Pool. Semester after semester, students tell us this is why they love and remain at Aspen Village! Located across from campus and the temple we offer great views, FREE parking, NEW ping pong tables and a brand new MOVIE THEATER in our huge lounge!"
AT THE GROVE,F,349 HARVARD AVE,801-319-4334,NA,NA,6,5,0,0,1,https://www.facebook.com/atthegroveapts/,43.8185731,-111.7766137,0.186411821,3,"At The Grove is a spacious basement apartment, located just a stone's throw away from the east side of campus, and around the corner from the temple.
Here you will enjoy the feeling of ""home,"" with onsite *free* laundry, great managers, a great ward, and a large backyard. You'll feel right at home here at At The Grove!"
AUTUMN WINDS,F,160 W 5TH S,(208) 356-0821,1345,1345,96,96,75,0,1,www.rexburghousing.com,43.8156171,-111.7884885,0.434960916,9,"Autumn Winds offers Private rooms with only 4 people per apartment! There are two bathrooms in each apartment and 4 sinks, so you will only share a bathroom with one other person, and have your own vanity area. We have plenty of parking, a nice lounge, a fantastic ward, and a long list of Rexburg Housing amenities. Space at Autumn Winds goes quickly, so reserve your spot today!"
AVONLEA APARTMENTS,F,175 W 3RD S,(208) 359-0920,1222,1369,60,54,150,0,3,www.bestnesthousing.com/avonlea.php,43.8197584,-111.788829,0.248549095,5,"Avonlea prides itself in being one of the most sought-after complexes in Rexburg. Avonlea Apartments features beautiful grounds, a convenient location, private and shared rooms, a free washer and dryer in each apartment, free parking, and a homey feel. Visit our website, www.bestnesthousing.com for a virtual tour or stop by during office hours. "
BAYSIDE MANOR,F,248 1/2 CORNELL AVE,7202574493,960,960,8,8,90,0,1,baysidemanor.blogspot.com,43.8203851,-111.7795297,0.124274547,3,"With its prime location close to the girls dorms and across the street from campus, you can get the off-campus experience and great location all at the same time. Bayside Manor is a basement apartment that houses 8 girls. It has 3 large bedrooms, 2 bathrooms, 2 refrigerators, study room, storage room, laundry room, fireplace, internet, cable t.v., yard, & lots of space! Call today 720-257-4493"
BIRCH PLAZA,F,236 S 1ST W,(208) 359-8200,980,980,343,160,75,0,1,www.rexburghousing.com,43.8209717,-111.7867163,0.062137274,1,"Some girls choose to spend all of their BYU-Idaho years living at Birch Plaza. That's how good it is. The wards are outstanding, and there's a sense of community that you'll find almost nowhere else. Birch Plaza has an onsite professional full-service salon, a hot tub, an exercise room, and a spacious lounge. It's also right across the street from the BYU Idaho stadium! You'll love it here."
BIRCH WOOD I,F,253 S 2ND W,(208) 359-8200,1019,1019,65,160,75,0,1,www.rexburghousing.com,43.8209717,-111.7867163,0.062137274,1,"Birchwood I is a very special place. The ward is outstanding, as are the residents. There's a hot tub, an onsite full-service professional salon, and ample parking. A city park is one block away, and BYUI campus is half a block in the other direction. We've got girls from across the country and around the globe, including many returned missionaries. You're going to love Birchwood I!"
BIRCH WOOD II,F,253 S 2ND W,(208) 359-8200,1275,1390,24,160,75,0,3,www.rexburghousing.com,43.820673,-111.7895151,0.248549095,5,"Extra large PRIVATE rooms, with some shared rooms as well. Washer and dryer inside your apartment! Across the street from campus. With the BEST student ward! Hurry and sign up, because these very limited spots always fill up early. You're going to LOVE Birchwood II!"
"BLUE DOOR, THE",M,123 PRINCETON CT,(208) 240-2261,925,925,48,25,100,0,1,bluedoorapts.com,43.823664,-111.779473,0.372823642,9,"Blue Door is in an amazing location for an amazing price--Only 1 block from the Kirkham, Smith, & Clark buildings.  With a free Washer/Dryer in every unit, cable, reliable Optix high speed internet, and yard space for fun, grilling and BBQing; this is the place to live while attending BYUI! "
BOUNTIFUL PLACE,M,345 W 5TH S,(208) 351-7080,1200,1250,148,84,75,0,3,www.bountifulplace.com,43.815652,-111.792396,0.497098189,12,"Bountiful Place is your next home away from home, less than a mile from campus with a Walmart shuttle pick up right down the street.  We provide Optix mega-Speed internet, AC, 50"" flat screen TV with Roku, free laundry, free World Gym membership, fresh cookies daily, and weekly Waffle Wednesday! We offer 4 & 6 man units with an XL water heater in every unit! Call/text us today at 208-351-7080!!
 "
BRIARWOOD APARTMENTS,M,163 E 2ND S,356-3001,998,998,24,50,125,0,1,www.bestnesthousing.com,43.82186,-111.779097,0.186411821,5,"Briarwood is a 4-plex apartment. Please view our website to sign a contract online! Some amenities are: coinless washers and dryers in every apartment, wireless internet, free parking, and cable access. 
The manager's office is located directly behind Briarwood within Greenbrier Apartments at 129 Princeton Court."
BRIGHAM'S MILL,M,431 S 3RD W,208-538-9058,1325,1325,180,0,100,0,1,www.brighamsmill.com,43.817458,-111.792466,0.621372737,12,"Brand new for fall 2017.  Brigham's Mill is BYU-Idaho's latest approved housing complex for men, located just two blocks from the heart of campus.  

"
BRIGHTON APARTMENTS-MEN,M,242 W 6TH S ,208-356-9693,1225,1275,108,102,150,0,10,www.brighton-apartments.net,43.8133921,-111.7945301,0.434960916,10,"You?ll easily find your home away from home at Brighton! Four different floor plans with private rooms and shared rooms available. Laundry in each apartment/townhouse, TV's, reliable internet. Quiet, fun and friendly atmosphere.
Discounts are available! Laundry, parking, A/C, and all utilities included! 
Our office is located in the clubhouse.
Find us on Facebook for more pictures and info.

"
BRIGHTON APARTMENTS-WOMEN,F,242 W 6TH S ,208-356-9693,1300,1325,60,60,150,0,3,www.brighton-apartments.net,43.8133921,-111.7945301,0.434960916,10,"Come see our girls townhouses! Built the summer of 2012 and 2016. Only 4 girls to a townhouse! 2 Large and roomy bedrooms upstairs. Washer and dryer in each townhouse. Club house with a pool table, ping pong, air hockey table, kitchen, fireplace and a large flat screen.

NO hidden fees! Discounts available, FREE parking, laundry, Optix internet and utilities!

You will love it at Brighton!"
BROOKLYN APARTMENTS,F,345 S 2ND W,208-356-9500,870,895,144,0,75,0,3,WWW.BROOKLYNAPTS.NET,43.8188718,-111.7895166,0.372823642,7,"Brooklyn Apartments is a wonderful place to live, study, meet new friends and grow. Living here makes socializing, getting to class and shopping easier as we are located in the heart of Rexburg and only one block from campus. Our new furniture and carpet offers quality and comfortable living at a great low price. Come by and check us out!"
BROOKSIDE VILLAGE - MEN,M,487 S 3RD W,(208) 356-0788,1310,1310,60,96,75,0,1,www.rexburghousing.com,43.8161353,-111.7924099,0.559235463,12,"Brookside Village is a unique community of private bedroom town homes. We offer a large party kitchen and dining area.  The bedrooms have built in dresser and shelves in the closet. Storage rooms are in the apartment, so you don't have to go very far to leave your items on your off track. This is the perfect place if you are looking for privacy and a social lifestyle all mixed into one! "
BROOKSIDE VILLAGE - WOMEN,F,487 S 3RD W,(208) 356-0788,1310,1310,86,96,75,0,3,www.rexburghousing.com,43.8161353,-111.7924099,0.559235463,12,"Brookside Village is a unique community of private bedroom town homes. We offer a large party kitchen and dining area.  The bedrooms have built in dresser and shelves in the closet. Storage rooms are in the apartment, so you don't have to go very far to leave your items on your off track. This is the perfect place if you are looking for privacy and a social lifestyle all mixed into one! "
BUENA VISTA,F,406 S 3RD E,208-359-9681,925,925,21,7,75,0,6,buenavistarexburg.blogspot.com,43.8175075,-111.7752093,0.310686368,6,"Buena Vista is a friendly house located near campus and the temple. We are approved housing for BYU-Idaho. There is a piano in every apartment, and a laundry room within the house. Sign a year contract (fall, winter, and spring) and get the summer free. We hope to see you at Buena Vista!"
BUNKHOUSE,M,156 W 4th S,208-356-7419,961.666666,995,324,100,75,0,6,www.bunkhouseapts.com,43.8187344,-111.7867224,0.248549095,4,"Bunkhouse Apartments provide a down-to-earth living environment that you'll love! Located across the street from the BYU-Idaho Center, surrounded by women's housing and next to some of Rexburg's best restaurants, you'll enjoy your choice of 3 floorplans, excellent wards and FREE LAUNDRY!!!! A Make sure to visit our website for details and sign a contract: www.bunkhouseapts.com"
CAMDEN APARTMENTS-MEN,M,225 W 5TH S,208-656-9611,1250,1250,24,65,75,0,2,www.camdenapts.net,43.8156024,-111.7917058,0.497098189,11,"Camden Apartments has spacious PRIVATE BEDROOMS in a great location, only one block away from campus. We offer wireless internet, cable, and great payment plans. We also offer a free complimentary membership for World Gym. The free Walmart Shuttle stops right in front of our complex. To sign up for a contract, call or apply online today! 208-656-9611 www.camdenapts.net"
CAMDEN APARTMENTS-WOMEN,F,225 W 5TH S,208-656-9611,1216.666666,1250,53,65,75,0,6,www.camdenapts.net,43.8156024,-111.7917058,0.497098189,11,"Camden Apartments has spacious PRIVATE BEDROOMS in a great location, only one block away from campus. We offer wireless internet, cable, and great payment plans. We also offer a free membership with World Gym. The free Walmart Shuttle stops right in front of our complex. To sign up for a contract, call or apply online today! 208-656-9611 www.camdenapts.net"
CAMPUS VIEW APARTMENTS,M,136 W 3RD S,359-0920,988,988,32,19,125,0,1,www.bestnesthousing.com/campus-view.php,43.820143,-111.78777,0.186411821,4,"You can't beat the Campus View location! We offer 4-man apartments, each equipped with a washer, dryer, and dishwasher. $50 RM discount, $50 loyalty discount, $25 referral discount, $25 double contract discount, $25 group discount(3+), $50 group discount (4+). For a virtual tour and to sign a contract, go to our website www.bestnesthousing.com."
CARRIAGE HOUSE,F,246 S 1ST W,208-356-4361,1075,1075,234,85,125,0,1,www.bestnesthousing.com/carriage-house.php,43.8207848,-111.7867195,0.062137274,2,Free washer/dryer in every apt! $50 RM and military discounts. $50 discount for returning tenants. No limit on our discounts! 100% refundable security deposit. Utilities included. No application fees. Across the street from BYUI. Captain beds in all bedrooms. High speed internet. Fast and reliable maintenance.  
"CEDARS, THE-MEN",M,120 W 2ND S,208-356-0222,1345,1345,360,300,100,0,1,Cedarshousing.com,43.8218672,-111.7872458,0.35418246,1,"The Cedars is conveniently located kiddie-corner to campus. We offer both above and under-ground parking and discounts to nearby food and clothing shops. Our apartments are spacious, modern, and homey with plenty of storage space. Laundry is discounted with laundry facilities on each floor. Come experience a home away from home.
"
"CEDARS, THE-WOMEN",F,226 S 1st W,208-346-7006,1495,1495,444,230,100,0,1,Cedarshousing.com,43.8211586,-111.7867132,0.553021736,1,"Welcome to one of the newest housing complexes in Rexburg! We are accepting tenants for Winter 2018. We are a complex with 75 apartments that have three bedroom shared units. In each unit there are 3 bathrooms, two fridges, and in apartment laundry. 
 Activities will always include young men from our neighboring Mens Cedars complex across the street! Come check out a new and fun complex!
"
CENTRE SQUARE-MEN,M,650 S 1ST W,208-496-9220,1349,1399,304,100,75,0,6,www.byui.edu/housing/centre-square,43.812247,-111.787101,0.497098189,10,"If you want to live in Zion, this is the place. We listened to your needs/wants and here they are. Extra storage, large kitchen & pantry, wonderful vanities, free washer & dryer in each apartment, study rooms, gathering rooms, music rooms, green space, etc. Come enjoy."
CENTRE SQUARE-WOMEN,F,650 S 1ST W,208-496-9220,1349,1399,546,200,75,0,12,www.byui.edu/housing/centre-square,43.811831,-111.787004,0.366609915,1,"If you want to live in Zion, this is the place. We listened to your needs/wants and here they are. Extra storage, large kitchen & pantry, wonderful vanities, free washer & dryer in each apartment, study rooms, gathering rooms, music rooms, green space, etc. Come enjoy."
CHAPMAN HOUSE,M,179 E 2ND S,3563001,1198,1276,7,50,125,0,3,www.bestnesthousing.com/chapman-house.php,43.822054,-111.778304,0.186411821,4,"Chapman House is a large, remodeled home located close to campus. The manager's office is located within the Greenbrier complex. Some are our  amenities include coinless washers and dryers in the home, dishwasher, garbage disposal, a large floor plan, cable, and a wireless internet router in each apartment.

WE ALSO OFFER A $50 DISCOUNT FOR RETURNED MISSONARIES/MILITARY!"
CLARKE APARTMENTS,M,156 S CENTER ST,(208) 356-6660,995,995,42,42,100,0,6,clarkeapartments.com,43.8225813,-111.7838412,0.186411821,4,"AFFORDABLE, ABUNDANT LIVING AT CLARKE APARTMENTS! 
Less than 100 yards from campus; 51"" plasma TV; fast, dependable, internet service; washer & dryer in every unit; new comfortable mattresses; leather furniture; fire-pit, yard, basketball hoop, outdoor projector; ample parking.
Visit us at clarkeapartments.com

Sign for winter and spring get $100 off spring semester!
"
COLLEGE AVENUE APARTMENTS,F,150 COLLEGE AVE,208-313-8182,995,995,9,10,100,0,1,,43.8226754,-111.7824172,0.248549095,5,"Cute House with Porch, Picnic Table and Barbecue Grill. Half block from the Spori Building! Plenty of parking . Two Full kitchens and Two Full Bathrooms. Vanity Areas with Sinks. Washer and Dryer in Apartment.  Close to town and BYUI!  Large porch that opens up to BYUI Play Yards. New carpet   Off-Track-Storage! Fun House !!!"
COLONIAL HEIGHTS TOWNHOUSE,M,251 E 4TH S,356-6752,850,850,64,54,100,50,1,WWW.COLONIALHEIGHTSTOWNHOUSES.COM,43.8176752,-111.7764603,0.248549095,4,"Spacious 3 level townhouse, includes 2 refrigerators, 4 bedrooms, 2 1/2 bathrooms,private washer/dryer in each apartment and wireless Internet. The $50 utility fee is for Internet, electricity and a private washer/dryer in each apartment."
COLONIAL HOUSE,F,151 W 4TH S,208-359-2848,1245,1245,342,241,85,0,1,www.colonial-house.com,43.8176902,-111.788803,0.372823642,8,"""The Mom Away From Home"" Complex.

FREE Laundry (Washer & Dryer in each apartment) FREE WIFI Internet, FREE Utilities, FREE Storage ""Just Like Home"".

The Colonial House is a wonderful place to live and meet new friends with a friendly, homey atmosphere with great wards and a sense of community. Visit our web site to take our online tour and secure your housing needs www.colonial-house.com"
CONDIE COTTAGE,F,267 W 3RD S,(208) 557-1520,1120,1120,6,5,100,0,1,condiecottage.weebly.com,43.819536,-111.791806,0.434960916,8,"Spacious House. Plenty of room to spread out. Lots of storage space, loft in the garage and yard. Laundry room, includes free laundry, high speed internet, cable TV. Close to campus. "
COTTONWOOD-MEN,M,42 S 1ST W,208-356-9576,955,960,60,100,75,0,3,www.cottonwoodstudentapartments.com,43.8250778,-111.7867042,0.248549095,5,"Men and Women's Housing. super social, NEWLY RENOVATED and Free Laundry!
Perfect for working students, great mix of all college ages.
Beautiful courtyard, fruit trees, basketball court and fire pit. We also have a covered bike area. Lounge and Game room for you to enjoy!
Less than 2 blocks from campus and close to Broulims' groceries and downtown Rexburg. 
LOTS OF PARKING TOO!
"
COTTONWOOD-WOMEN,F,42 S 1ST W,(208) 356-9576,950,950,84,100,75,0,1,www.cottonwoodstudentapartments.com,43.8250778,-111.7867042,0.248549095,5,"Men and Women's Housing. super social, NEWLY RENOVATED and Free Laundry!
Perfect for working students, great mix of all college ages.
Beautiful courtyard, fruit trees, basketball court and fire pit. We also have a covered bike area. Lounge and Game room for you to enjoy!
Less than 2 blocks from campus and close to Broulims' groceries and downtown Rexburg. 
LOTS OF PARKING TOO!
"
CREEKSIDE COTTAGES - WOMEN,F,276 STEINER AVE,(503) 515-8377,1261.666666,1395,24,28,100,0,6,creeksidewomenbyui.blogspot.com,43.8197851,-111.7943981,0.559235463,11,"Three beautiful, private, remodeled, clean, BYU-I Women's houses. Located 2 1/2 blocks west of the Hart building. Each house includes: FREE washer/dryers, WiFi, cable TV, free NetFlix, Blu-Ray DVD players, 52"" LED TVs, microwaves, dishwashers, all are fully furnished. Rent includes utilities, storage and FREE parking. RM & MULTI-CONTRACT DISCOUNTS!. YEAR ROUND LIVING! COME CHECK US OUT!
"
CREEKSIDE COTTAGES-MEN,M,336 W 3RD S,503-515-8377,1245,1295,11,10,100,0,3,creeksidemensbyui.blogspot.com,43.8197851,-111.7943981,0.559235463,11,"MENS - Newly remodeled large house with lots of space. Features a 3 bedroom apartment on main level as well as a 3 bedroom basement apartment. Both are fully furnished. Both feature 55' big screen TV's, free Netflix, free laundry, free parking and garage for storage. Located 2 1/2 blocks from campus.Great Ward! Great location. RM & MULTI-CONTRACT DISCOUNTS! YEAR ROUND LIVING! Come check us out!"
CRESTWOOD APARTMENTS,M,235 S 1ST E ,208-356-5149,940,940,50,10,75,0,3,www.crestwoodapt.com,43.8209405,-111.7809226,0.248549095,5,"Crestwood is an affordable, great place to live! We offer FREE onsite laundry facilities and 1 GIG fiber optic high speed internet! Our tenants are awesome and our location can't be beat!"
CRESTWOOD COTTAGE,F,221 S 1ST E,208-356-5149,940,940,10,10,75,0,3,www.crestwoodapt.com,43.8213116,-111.7809272,0.248549095,6,"Crestwood is an affordable, great place to live! We offer free onsite laundry facilities and fiber optic high speed internet! Our tenants are awesome and our location can't be beat!"
CRESTWOOD HOUSE,M,235 S 1ST E,208-356-5149,925,925,11,10,75,0,3,www.crestwoodapt.com,43.8209405,-111.7809226,0.248549095,5,"Crestwood is an affordable, great place to live! We offer onsite laundry facilities and fiber optic high speed internet! Our tenants are awesome and our location can't be beat!"
DANBURY MANOR,M,156 E 2ND S,208-356-8921,NA,NA,19,0,0,0,10,www.danburymanor.com,43.8218191,-111.7791712,0.186411821,5,Danbury Manor is a small but adorable complex very close to campus! The apartments are roomy and charming. Each apartment has a washer/dryer for six or less girls. Private rooms are available as well. Danbury Manor really feels like home because it is a converted house and has a beautiful lawn to enjoy!
DAVENPORT APARTMENTS,F,145 W 3RD S,208-356-3216,895,895,71,30,0,0,3,davenportapartments.net,43.819765,-111.7879773,0.186411821,4,"Davenport has an ideal price and an ideal location. 1/2 block from campus. FREE LAUNDRY. Recently upgraded DEPENDABLE and FAST Fiber Optic Internet.  We are well-known for our large living spaces, home-like atmosphere, fun and social wards and our WONDERFUL tenants!A great place for R.M.s!

Discounts for Fall 2017 semester:
RM discount of $20.00
$20 discount for rent paid IN FULL before 8-8-17"
DELTA PHI APARTMENTS,M,139 VIKING DR,208-359-8015,995,1045,60,44,75,0,3,www.deltaphiapts.com,43.8177035,-111.7886615,0.372823642,8,"Located 1/2 block from the BYU-I center. 
Free cable and high speed internet.

""It's literally right across the street from campus, and they have the comfiest couches.""- Kevin R.
""The hidden gem of Rexburg. The quality of the apartments is incredible for what you pay. The management is great!"" - Ryan M.

Come in for a tour today!"
"GATES, THE - MEN",M,370 W 7TH S,208-356-6686,1375,1425,288,0,100,0,3,www.thegatesatrexburg.com,43.8116909,-111.794504,0.310686368,8,"Southgate is a top-of-the-line affordable complex. Recently built it features some of the largest rooms in Rexburg with personal closets and separate bathrooms for each bedroom. There are 2 fridges and free washers and dryers in your apartment! We offer FREE parking! Reserve our 12 couch theater room or work out in our weight room. You?ll save hundreds on laundry, utilities and parking.Call today!"
"GATES, THE - WOMEN",F,350 W 7TH S,208-356-6686,1375,1425,324,0,100,0,3,www.thegatesatrexburg.com,43.81355,-111.791355,0.310686368,7,"The Gates is a top-of-the-line affordable complex.  Recently built, it features some of the largest rooms in Rexburg with personal closets and separate bathrooms for each bedroom.  We have 2 fridges, TV, and a washer & dryer in each apartment!  Reserve our 12 couch theater room and work out in our new weight room.  You?ll save hundreds on laundry, utilities and parking. Call us today!!"
GEORGETOWN APARTMENTS,M,236 W 3RD S,359-3191,995,995,72,51,75,0,1,www.rexburghousing.com,43.819781,-111.7907129,0.372823642,7,"Only a couple of blocks from campus, Georgetown's great location provides an easy and convenient walk to school, especially during winter.  Enjoy the grill, volleyball pit and huge tree-lined sports field.  Georgetown is a great place to live if you love being outdoors and having fun!  You also get to enjoy the many perks of Rexburg Housing.  You'll not be disappointed with Georgetown!"
GREENBRIER NORTH,M,129 PRINCETON CT,356-3001,981,981,48,40,125,0,1,www.bestnesthousing.com,43.823056,-111.779371,0.434960916,9,"Great location! We have a wonderful management team that works together with a maintenance crew, cleaning specialist, and on-site management. We really care about what is important to the students at BYU-Idaho. 
Some of our offered amenities are coinless washers and dryers in every apartment, cable, and internet. To purchase a semester contract please visit our website www.bestnesthousing.com"
GREENBRIER SOUTH,F,129 PRINCETON CT,356-3001,981,981,92,70,125,0,1,www.bestnesthousing.com,43.823056,-111.779371,0.434960916,9,"Great location! We have a wonderful management team that works together with a maintenance crew, cleaning specialist, and on-site management. We really care about what is important to the students at BYU-Idaho. 
Some of our offered amenities are coin-less washers and dryers in every apartment, cable, and internet (Qwest/Century Link). Please visit our website www.bestnesthousing.com."
HARRIS HALL,M,364 S 1ST W ,208-359-5141,1020,1045,44,28,75,0,3,harrishallapartments.com,43.8185058,-111.7867268,0.248549095,5,"If you are looking for affordable men's housing right across the street from campus, you have come to the right place. You won't find another apartment that offers high-speed internet, cable, and utilities paid with only 4 men per apartment at this price. We boast comfortable living at a price comfortable to your pocketbook. Come check us out. Harris Hall is a great place to live! "
HEMMING HOUSE I,F,133 W 1ST S,208-356-6142,1120,1150,9,6,100,0,3,www.hemminghousing.com,43.823583,-111.787926,0.186411821,4,Very nice house with a main floor and basement. Landscaped back yard.
HEMMING HOUSE III,M,124 W 1ST S,356-6142,975,1000,7,7,100,0,3,www.hemminghousing.com,43.8239553,-111.7875196,0.186411821,4,
HEMMING HOUSE IV,M,113 W 1ST S,208-356-6142,1010,1010,8,0,100,0,1,www.hemminghousing.com,43.8239263,-111.7871752,0.186411821,3,
HERITAGE MEN,M,129 W 4TH S,208-356-7952,1189,1189,180,0,150,0,1,HeritageRexburg.com,43.817232,-111.787433,0.310686368,6,"Early bird price is as much as $50 off so don't wait, plus we fill fast! Hands down best location across the street from campus and the BYU-Idaho Center. Newly renovated with new appliances, cabinetry and a washer & dryer.  At Heritage you?ll find very affordable pricing, a huge clubhouse with a full kitchen, a piano room, WiFI internet, and 2 fitness rooms featuring state of the art equipment."
HERITAGE WOMEN,F,129 W 4TH S,208-356-7952,1259,1259,192,145,150,0,1,HeritageRexburg.com,43.8177064,-111.7881413,0.372823642,7,"Early bird price is as much as $70 off so don't wait, plus we fill fast! Hands down best location across the street from campus and the BYU-Idaho Center. Newly renovated with new appliances, cabinetry and a washer & dryer.  At Heritage you?ll find very affordable pricing, a huge clubhouse with a full kitchen, a piano room, WiFI internet, and 2 fitness rooms featuring state of the art equipment."
HILLCREST TOWNHOUSES,F,465 S 2ND E,356-7211,1125,1245,140,60,100,0,3,hillcrestinrexburg.com,43.8163212,-111.7780659,0.248549095,4,Hillcrest is a GREAT place to live! The townhouse style apartments make you feel as if you are right at home. We are newly remodeled and have private and shared rooms. All townhouses occupy only four tenants to each townhouse making plenty of room for all! Come in and take a tour! We would love to have you.  
HILL'S COLLEGE AVE APTS,F,136 COLLEGE AVE,208-356-5786 or,880,880,11,3,70,0,1,,43.822994,-111.782747,0.310686368,6,"If you are looking for a social house, this is the one! Hills Apt. feels like you are living at home. There is a fireplace, spacious living room, huge dining room, roomy kitchen with two ovens and two fridges, with plenty of storage space and then some. There are two bathrooms, a standing shower,and tub with shower. A washer and dryer is provided and free! As well as utilities! Come take a look!  "
"IVY, THE - Men",M,649 S 2ND W,208-356-6556,1267.5,1330,264,50,100,0,3,theivyapartments.com,43.812377,-111.789553,0.124274547,3,"Our 1,430 sq. feet apartments are located near campus and feature a full size washer and dryer in each apartment.  The apartments are complete with two full bathrooms, three bedrooms, and several storage areas.  Amenities include TWO FREE SHUTTLES to and from campus, large fitness center with dance and aerobic floor, two large lounges with kitchens and several study rooms."
"IVY, THE - Women",F,649 S 2ND W,(208) 356-6556,1267.5,1330,636,100,100,0,3,theivyapartments.com,43.812377,-111.789553,0.124274547,3,"Our 1,430 sq. feet apartments are located near campus and feature a full size washer and dryer in each apartment.  The apartments are complete with two full bathrooms, three bedrooms, and several storage areas.  Amenities include TWO FREE SHUTTLES to and from campus, large fitness center with dance and aerobic floor, two large lounges with kitchens and several study rooms."
JACOB'S HOUSE,M,149 E 2ND S,208-356-3001,1120,1120,11,50,125,0,1,www.bestnesthousing.com,43.822228,-111.779221,0.186411821,5,"Jacob's House is a large, remodeled home located close to campus. The manager's office is located within the Greenbrier complex behind Jacob's House. 
Some amenities are coinless washers and dryers in the home, large floor plan, 4 study rooms, cable,wireless internet,and an amazing kitchen! We offer discounts for RM'S of $50.00 Parking is free!"
JORDAN RIDGE,M,291 E 7TH S ,208-359-2221,1374,1399,360,350,150,0,3,www.meet-me-at-the-ridge.com,43.8120309,-111.7758519,0.434960916,8,"College is about students defining their future. We want to create a living environment that empowers student to do just that. We want to provide a framework for your future. *ALL PRIVATE BEDROOMS* All inclusive: Free laundry IN THE APARTMENTS(for select apartments only, first come first serve),parking, cable, internet, DVR, flat screen TV. Fitness center, hot tub, BBQ & more. BEST view in town!"
KENSINGTON MANOR - MEN,M,345 S 2ND E,208.356.4473,1095,1095,108,103,100,0,1,www.kensingtonmanorrexburg.com,43.8187924,-111.7780591,0.062137274,1,"Make yourself at home at the Kensington Manor Apartments, located across the street from campus and can be seen from the BYU-I bookstore. Choose from three different layouts including our new, larger apartments.

""I would pick living at Kensington Manor over any other apartment complex! Wonderful Manager, terrific location, nice rooms and the best ward on campus!? _Susie            "
KENSINGTON MANOR - WOMEN,F,345 S 2ND E,208.356.4473,1224,1249,108,103,100,0,3,www.kensingtonmanorrexburg.com,43.8187924,-111.7780591,0.062137274,1,"Make yourself at home at the Kensington Manor Apartments, located across the street from campus and can be seen from the BYU-I bookstore. Choose from three different layouts including our new, larger apartments.

""I would pick living at Kensington Manor over any other apartment complex! Wonderful Manager, terrific location, nice rooms and the best ward on campus!? _Susie            "
LA JOLLA - MEN,M,65 S 1ST W,(208) 359-1985,1189,1189,72,200,150,0,1,www.LaJollaRexburg.com,43.8246842,-111.7866669,0.186411821,4,"La Jolla is a mixed gender complex conveniently located one block north of campus.  It is close to campus, grocery stores, job opportunities on main street Rexburg, and is right next to Little Caesars Pizza!  You?ll find an outdoor BBQ grill, clubhouse, fiber optic internet, and state of the art fitness equipment."
LA JOLLA - WOMEN,F,65 S 1ST W,(208) 359-1985,1129,1129,234,200,150,0,1,www.LaJollaRexburg.com,43.8246842,-111.7866669,0.186411821,4,"La Jolla is a mixed gender complex conveniently located one block north of campus.  It is close to campus, grocery stores, job opportunities on main street Rexburg, and is right next to Little Caesars Pizza!  You?ll find an outdoor BBQ grill, clubhouse, fiber optic internet, and state of the art fitness equipment."
LEGACY RIDGE,F,667 S 2ND E,359-2211,1374,1399,288,288,150,0,3,www.meet-me-at-the-ridge.com,43.812168,-111.778051,0.248549095,6,"College is about students defining their future. We want to create a living environment that empowers student to do just that. We want to provide a framework for your future. *ALL PRIVATE BEDROOMS* All inclusive: Free laundry IN THE APARTMENTS(for select apartments only, first come first serve),parking, cable, internet, DVR, flat screen TV. Fitness center, hot tub, BBQ & more. BEST view in town!  "
MOUNTAIN CREST,M,132 S 3rd W,(208) 359-4193,950,950,42,42,110,0,1,www.mntcrestapts.com,43.8230786,-111.7924581,0.372823642,8,"Your Home Away From Home -- With its awesome location, great amenity package and excellent rates, Mountain Crest is the ideal approved housing location for young men.  We are located directly across the street from Porter Park.  Included with our great rates is FREE WASHER AND DRYER IN EACH UNIT, HIGH SPEED INTERNET and free parking .
 Drop in and check us out.  You won't be disappointed."
MOUNTAIN LOFTS - MEN,M,538 S 2ND W,208-356-5638,1323,1356,474,0,100,0,10,www.mountainloftsatrexburg.com,43.815,-111.791299,0.434960916,9,"Designed with you in mind, we have up to 6 different floor plans to choose from, with a bathroom for each bedroom, a 5 level parking garage connecting every floor, memory foam mattresses, garbage shoots, a washer and dryer in every apartment, and the latest internet with an Optix router for each apartment. https://vimeo.com/155579284"
MOUNTAIN LOFTS - WOMEN,F,538 S 2ND W,208-356-5638,1388,1557,590,0,100,0,21,www.mountainloftsatrexburg.com,43.815,-111.791299,0.434960916,9,"Designed with you in mind, we have up to 6 different floor plans to choose from, with a bathroom for each bedroom, a 5 level parking garage connecting every floor, memory foam mattresses, a washer and dryer in every apartment, and the latest internet with an Optix router for each apartment. https://vimeo.com/155579284"
NAUVOO HOUSE I,M,175 W 5TH S,356-7756,1279,1279,288,300,0,0,1,WWW.NAUVOOHOUSE.COM,43.8155931,-111.7888627,0.372823642,9,"Nauvoo House is a mixed gender complex right next to campus.  At Nauvoo House, you can find the best fitness rooms, clubhouse, basketball area, fiber optic internet, outdoor park and pavilion, BBQ grills and outdoor gas campfire!  

Summer contracts only available to Spring 2015 & Fall 2015 tenants."
NAUVOO HOUSE II,F,175 W 5TH S,356-7756,1279,1279,338,300,0,0,1,WWW.NAUVOOHOUSE.COM,43.8155931,-111.7888627,0.372823642,9,"Nauvoo House is a mixed gender complex right next to campus.  At Nauvoo House, you can find the best fitness rooms, clubhouse, basketball court, fiber optic internet, outdoor park and pavilion, BBQ grills and outdoor gas campfire!  

Summer contracts only available to Spring 2017 and Fall 2017 current tenants."
NORMANDY APARTMENTS,F,114 W 3RD S,208-356-7234,995,995,40,20,75,0,3,www.normandystudentapartments.com,43.8197996,-111.7871315,0.186411821,3,"Friendly, caring, and delightful students and managers. Very well maintained complex directly across from the Hart Building (Fitness Center) on campus. Basic living at its' best!








"
NORTHPOINT - MEN,M,141 S 1ST W,208-681-9542,1537.333333,1669,476,508,100,0,36,www.NorthPointRexburg.com,43.822758,-111.78617,0.062137274,1,"Sign today for $200 off spring 2018 semester!

Experience the finest men's housing in Rexburg.  Located directly across from campus with modern, comfortable apartments and amazing amenities.  Sign up on our website or come in for a tour. "
NORTHPOINT - WOMEN,F,141 S 1ST W,208-681-9542,1537.333333,1669,548,508,100,0,34,www.NorthPointRexburg.com,43.822758,-111.78617,0.062137274,1,"Sign today for $200 off spring 2018 semester!

Experience the finest men's housing in Rexburg.  Located directly across from campus with modern, comfortable apartments and amazing amenities.  Sign up on our website or come in for a tour. "
PARK VIEW APTS - WOMEN,F,154 S 3RD W,356-3697,1050,1100,32,0,0,0,10,www.parkviewrexburg.com,43.8222826,-111.7924522,0.310686368,7,"Directly across the street from beautiful Porter Park and only two blocks away from campus.  Park View Apartments offers walking distance access for students, while maintaining a home environment feeling.  We offer many different floor plans with a washer and dryer in each unit.  With a great ward, unique settup and fun outdoor space a few steps away, come see if this is the place for you!"
PARK VIEW APTS-MEN,M,154 S 3RD W,208 356-3697,1133.333333,1200,29,0,150,0,10,www.parkviewrexburg.com,43.8222826,-111.7924522,0.310686368,7,"Directly across the street from beautiful Porter Park and only two blocks away from campus, Park View Apartments offers walking distance access for students, while maintaining a home environment feeling.  We offer many different floor plans with a washer and dryer in each unit.  With a great ward, unique settup and fun outdoor space a few steps away, come see if this is the place for you!"
PINCOCK HOUSE,M,163 E 2ND S,2083563001,1276,1276,7,50,125,0,1,www.bestnesthousing.com/pincock-house.php,43.822094,-111.778896,0.186411821,4,"Pincock House is a large, remodeled home located close to campus. The manager's office is located within the Greenbrier complex. Some are our amenities include free washers/dryers in the home, dishwasher, garbage disposal, a large floor plan, cable, and a wireless internet router in each apartment.

WE ALSO OFFER A $50 DISCOUNT FOR RETURNED MISSONARIES/MILITARY!"
"PINES NORTH, THE",M,140 W 2ND S,208-356-5605,NA,NA,144,0,0,0,6,pineshousing.com,43.8218723,-111.7878656,0.062137274,1,"Welcome to The Pines! We have renovated apartments with flat screen TV?s, high speed internet, spacious kitchens and a separate vanity & bathroom area to give plenty of space. Come relax by the fireplace in our lobby or build your own fire in our outdoor fire pit. Use our exercise room or try out our piano. With onsite laundry, free haircuts, and goodies every Friday, we?re the place to be!"
"PINES SOUTH, THE",M,140 W 2ND S,208-356-5605,975,995,200,300,100,0,3,pineshousing.com,43.8218723,-111.7878656,0.062137274,1,"The Pines is a BYU-I approved men's housing complex. We are located across the street from campus next to the stadium. The Pines is within walking distance to movie theaters, restaurants, shops, and grocery stores. Units are newly remodeled. We have a pool table, fire pit, on site laundry, pianos, and exercise equipment. Bring a friend and get $50 off your rent! Hurry! Only 10 spots left!
"
PINNACLE POINT,M,51 S 1ST E,208-360-2845,1046.25,1135,140,84,75,0,10,rexburgpinnacle.com,43.824505,-111.780339,0.434960916,9,"Pinnacle Point is a great new complex that is close to campus and offers 4 and 6 man units. We provide Optix mega-speed Internet, an amazing weight room, theater room, and game room, AC in all the apartments, flat screen TVs with cable, and free laundry. Apartments start at $850 per semester and $350 for the summer session. Office hours are MWF 10-2; and TR 12-4. Call or email us for a tour!
"
QUINCY HOUSE,M,264 S 2ND W,208-356-7568,900,900,29,20,50,0,10,www.quincyhouserexburgmenshousing.blogspot.com,43.8204947,-111.7895635,0.248549095,5,"Awesome housing, close to campus, women's housing complexes very close, WIFI is the highest speed across campus housing, we just got NEW desks and NEW couches! AND NEW WASHERS AND DRYERS FOR FREE LAUNDRY for the complex! Every apartment has at least 2 fridges! THE BEST VALUE ON CAMPUS! "
RED BRICK HOUSE,F,128 W 3RD S,356-4361,1126,1227,5,5,125,0,3,www.bestnesthousing.com/red-brick-house.php,43.8197965,-111.7875345,0.186411821,4,"You will feel right at home in Redbrick House! The home has been converted to house 5 women; two rooms are shared, one is private. Each bedroom has a dresser, closet, sink, and vanity. The apartment is also furnished with a washer, dryer, and dishwasher. Stop by the Carriage House Apartments office for a tour, or visit our website for photos and a video tour."
"RED DOOR, THE",M,135 S 1ST E,208-201-3466,972.5,995,53,25,100,0,3,reddoorapts.com,43.8285259,-111.779619,0.68351001,15,"The Red Door has everything you need for a great price!  We have washers/dryers in every apartment.  We have one house that is for 5 men with one private room. It is a great option if you want a change from apartment living. We provide Optix internet, Dish TV and all utilities. We have a fire pit and Clubhouse.  Close to campus (only 1/2 block from campus). Go online and sign a contract today!"
RIVIERA APARTMENTS,F,277 S 1ST E,3604043,NA,NA,100,0,0,0,3,WWW.RIVIERA-APTS.COM,43.8200969,-111.7809297,0.186411821,4,"Ask about our refer-a-friend/group discounts! We also have first time,RM, and New Freshmen Discounts.  Check our Website for Discounts. With our friendly homey atmosphere we're your perfect 'home away from home'. So close to campus, we're almost part of it. We're just steps away from the heart of campus. You can quickly walk anywhere. No hassle finding parking. Come be a part of Riviera!!!"
ROCKLAND APARTMENTS,M,235 W 4TH S,(208) 356-0923,896.666666,960,238,0,75,0,12,www.rexburgHousing.com,43.8176975,-111.7906892,0.497098189,10,"Newly Renovated Fall 2016!! Rockland is a fantastic property with 2-man, 4-man and 6-man units available. We have one of the few indoor heated swimming pools in Rexburg, and a great weight room onsite. Located one block from the BYU-Idaho center at the heart of campus. It just doesn't get any better than this. Reserve your space today!"
"ROOST, THE - MEN",M,486 S 3RD W,208-881-6249,1175,1200,59,35,75,0,10,rexburgroost.com,43.815739,-111.792608,0.497098189,12,"It's time for a fresh start!  Opening Spring of 2017  Call 208-881-6249 or email rexburgroost@gmail.com for more information.  Spots won't last long, so call today!"
"ROOST, THE - WOMEN",F,486 S 3RD W,208-881-6249,1175,1200,114,35,75,0,10,rexburgroost.com,43.815739,-111.792608,0.497098189,12,"It's time for a fresh start!  Opening Spring of 2017  Call 208-881-6249 for more information.  Spots won't last long, so call today!"
ROYAL CREST,F,340 S 1ST W,208-356-7778,995,995,342,0,75,0,3,WWW.ROYALCRESTAPARTMENTS.COM,43.8191657,-111.7869267,0.186411821,4,"If you are looking for affordable, comfortable, social living then Royal Crest is the place for you this semester. With our convenient location in Rexburg, you can be sure to be close to all the community and BYU-Idaho activities. With a serene and casual setting, you`re sure to feel at home with us. 
"
SHADETREE APARTMENT,F,60 W 1ST S,208-709-1608,915,950,6,0,0,175,3,,43.823957,-111.7855467,0.186411821,4,"Very large living room and kitchen, lots of room for parties and guests! One of the most affordable complexes in Rexburg. Walking distance to campus, dining, and entertainment. Washer and Dryer in the House, Optix Internet, "
SHELBOURNE APARTMENTS,M,570 S 2ND W,208-656-0746,1155,1240,168,128,100,0,10,www.shelbourneapts.com,43.814119,-111.789569,0.248549095,6,"Come home to Shelbourne, HUGE double refrigerators in every unit (most other places are 2 dinky ones). Large living areas and you can have your own private bedroom! Why share? We have Optix high speed internet & big screen HDTV's.  Our students return semester after semester. Stop by to take a tour and see for yourself. You can sure pay more, but you won't get much more. Check out Our DISCOUNTS!"
"SNOWED INN, THE",M,271 W 2ND S,562-572-2943,1150,1150,8,0,200,0,1,www.thesnowedinn.blogspot.com,43.8218453,-111.7917922,0.248549095,5,"Great home with more square footage than an apartment. Free laundry. Free Fast high-speed internet. Free cable. Walking distance to campus, restaurants, ice cream shops, grocery store, and other shopping. Directly across the street from a great park!  A garage for storage plus lots of parking. Lots of recent upgrades. We want to make this a wonderful experience for you and will help you in anyway!"
SNOWVIEW APARTMENTS,F,12 W. 2nd S.,(208) 359-5517,1125,1200,64,35,100,0,3,www.snowviewapts.com,43.821957,-111.784145,0.124274547,2,"Our location is unbeatable! Just a crosswalk away from the heart of campus and walking distance from a grocery store, movie theater, and fun restaurants.These town homes house 4 ladies (That means more fridge space than a 6-person apartment!) and the bedrooms and bathroom are upstairs completely separate from the large living area. SnowView offers free laundry and fresh remodels!"
SOMERSET APARTMENTS - MEN,M,480 S 1ST W,(208) 356-7699,1110,1110,108,70,75,0,1,www.rexburghousing.com,43.8163422,-111.7869059,0.372823642,7,"Somerset is located directly across the street from the heart of BYU-Idaho's campus. With a large parking lot, no extra charge for laundry, and 24-hour maintenance teams we offer top-notch service.  Come see our clubhouse where you can watch your favorite games and shoot pool with your buddies. We also have an onsite weight room, along with all of Rexburg Housing's other fantastic amenities!"
SOMERSET APARTMENTS - WOMEN,F,480 S 1ST W,(208) 356-7699,1110,1110,180,80,75,0,1,www.rexburghousing.com,43.8163422,-111.7869059,0.372823642,7,"Somerset is located directly across the street from the heart of campus. These apartments had a major renovation completed in Fall 2015 for women.  The wards are fantastic and is all contained within Somerset. It is an experience you will love! We have a piano room, weight room, and large lounge where you can spend time with your friends.  Spaces fill up quickly-reserve your spot today!"
SPORI VILLA,M,174 COLLEGE AVE,(208) 351-8072,895,895,10,0,150,0,1,,43.822269,-111.782776,0.248549095,5,"Very convenient to college (across the street) and to downtown (2 blocks). Remodeled home next to N. side of campus.  All utilities included.  Plenty of off street parking for tenants.

We limit the occupancy to 9 rather than the approved 10 to provide more living space.

Free Laundry. Utilities included.  High speed wireless included.

Sunroom, patio, fire-pit, lawn.

  "
SUNSET HALL,F,150 W 3RD S,356-4361,967,967,14,0,125,0,3,www.bestnesthousing.com/sunset-hall.php,43.820059,-111.788248,0.248549095,4,"You will feel right at home in Sunset Hall! The remodeled home has been converted to house 14 women (6 upstairs, 8 downstairs). Each floor is furnished with a washer, dryer, and dishwasher. Stop by the Carriage House Apartments office for a tour, or visit our website for photos and a video tour."
TOWERS I,M,333 W 6TH S,208-359-5965,1300,1300,168,168,75,0,3,thetowersrexburg.com,43.813151,-111.792518,0.372823642,8,"Offering more square footage than any other new complex, The Towers Apartments is BYU-Idaho approved student housing for Men. Located close to campus, The Towers offer many amenities, including assigned underground parking, enclosed hallways, washer & dryers in each unit, high speed internet, 42"" TV's, lounge, theatre room, double insulated piano room, and more!"
TOWERS II,F,335 W 5TH S,208-390-3706,1400,1450,248,248,75,0,3,thetowerstwo.com,NA,NA,NA,NA,"Towers Two is the newest premier women's housing at BYUI. Built with you in mind-there is nothing more that you will need! Assigned underground parking,the safety of enclosed hallways,a theater room,a gym,several lounges-providing lots to do! Inside each unit you have the luxury of a washer/dryer,2 fridges,spacious living room,& huge bedrooms. Schedule a tour today to see the beauty for yourself!"
TUSCANY PLACE - MEN,M,440 S 2ND W,(208) 356-3480,NA,NA,142,0,125,0,3,Tuscanyplace.net,43.8170624,-111.7895741,0.497098189,9,Private Bedrooms - In floor heating - Window AC Units - Free Laundry -Plenty of parking- Free Tanning Beds - Exercise Room - Music Room - 1 block from BYU-I Conference Center - 2 blocks from Manwaring Center - You will love Tuscany - your home away from home....
TUSCANY PLACE - WOMEN,F,440 S 2ND W,(208) 356-3480,1302.5,1315,142,0,125,0,3,Tuscanyplace.net,43.8170624,-111.7895741,0.497098189,9,Private Bedrooms - In floor heating - Window AC Units - Free Laundry -Plenty of parking- Free Tanning Beds - Exercise Room - Music Room - 1 block from BYU-I Conference Center - 2 blocks from Manwaring Center - You will love Tuscany - your home away from home....
WEBSTER HOUSE,F,268 S 1ST W,356-4361,1125,1215,9,14,125,0,6,www.bestnesthousing.com/webster-house.php,43.820268,-111.7868774,0.124274547,2,"Converted to house 9 women in 2 separate apartments, the home has 2 kitchens, 2 living rooms, and multiple bathrooms and vanities. Amenities include free washer/dryer, and dishwasher in each kitchen. 

We offer A/C units in the Spring semester. A/C units are in limited supply; call/email for info on availability and rates.
"
WEST WINDS,M,160 W 5TH S,(208) 356-0821,1410,1410,24,96,75,0,1,www.rexburghousing.com,43.8156171,-111.7884885,0.434960916,9,"Private rooms! Only 4 students per apartment.  Very well maintained and close to campus!!  We have plenty of parking, a nice lounge, a fantastic ward, and a long list of Rexburg Housing amenities that include 2 swimming pools, theater room, free haircuts, and much more! Spots in West Winds get reserved extremely quickly, so sign up for your own private room NOW!"
WHITFIELD HOUSE,M,175 E 2ND S,2083563001,1198,1276,7,50,125,0,3,www.bestnesthousing.com/whitfield-house.php,43.822083,-111.778657,0.186411821,4,"Whitfield House is a large, remodeled home located close to campus. The manager's office is located within the Greenbrier complex. Some of our amenities include free washers/dryers in the home, dishwasher, garbage disposal, a large floor plan, 2 fridges, cable, and a wireless internet router in each apartment.

WE ALSO OFFER A $50 DISCOUNT FOR RETURNED MISSONARIES/MILITARY!"
WINDSOR MANOR-MEN,M,125 E 2ND S,208-356-6789,1560,1585,136,66,75,0,6,www.windsormanor.net,43.81351,-111.786668,0.186411821,4,"Best location!  Across from the Kirkham Auditorium!  Awesome amenities - Gas Fire Pit, 3 BBQ's, Theater Room, Dining Room, Balconies, 3 conference rooms, 11 private study rooms, common area living rooms, gas fireplaces, a GYM and more! Each bedroom has it's own bathroom, each Apt. has 2 refrigerators, a washer/dryer, vacuum, ironing board and iron, USB ports & light switch by your bed!  Come see!!"
WINDSOR MANOR-WOMEN,F,125 E 2ND S,208-356-6789,1585,1585,208,100,75,0,8,www.windsormanor.net,43.822092,-111.78069,0.310686368,6,"Best location!  Across from the Kirkham Auditorium!  Awesome amenities - Gas Fire Pit, 3 BBQ's, Theater Room, Dining Room, Balconies, 3 conference rooms, 11 private study rooms, common area living rooms, gas fireplaces, a GYM and more! Each bedroom has it's own bathroom, each Apt. has 2 refrigerators, a washer/dryer, vacuum, ironing board and iron, USB ports & light switch by your bed!  Come see!!"