"Name","Gender","Address","Phone","AvgFloorPlanCost","MaxFloorPlanCost","Residents","ParkingSpaces","Deposit","FloorPlanNumber","WebAddress","Latitude","Longitude","PublicDescription","CrowFlyMetersToMC","CrowFlyMetersToRicks"
"ABBY LANE MANOR","F","437 S 4TH W","(208) 643-3731",1200,1350,42,35,75,3,"www.abbylaneapartments.com",43.81710724,-111.7949519,"Abby Lane Manor is a women's complex offering spacious private and shared rooms that is just a ten minute walk from campus. Our girls enjoy amenities such as free laundry, personal vanities in each bedroom, 3 bathrooms, 2 fridges, A/C, free off track storage, and parking passes for only $25! As you can imagine we fill up extremely fast, so come sign up today!",1013.45250687716,1122.73892409909
"ABRI APARTMENTS - MEN","M","220 E 1ST S","(208) 417-7223",1660,1670,132,204,150,3,"www.liveabri.com",43.82340456,-111.7774263,"We offer two beautiful and unique floor plans! Our Deluxe is all one floor and our Townhome is two floors. Upscale, modern finishes, state-of-the-art fitness center, fully equipped clubhouse, study rooms, courtyard with fire pit & grills! 3 FULL Baths! 55"" Smart TVs in each apt! Contact us today!",685.719421907855,998.114322610954
"ABRI APARTMENTS - WOMEN","F","220 E 1ST S","(208) 417-7223",1660,1670,144,204,150,3,"liveabri.com",43.82340456,-111.7774263,"Deluxe & Townhome Floorplans! Offering early bird special of $100 off! Upscale, modern finishes, state-of-the-art fitness center, fully equipped clubhouse, study rooms, courtyard with firepit & grills! 3 FULL Baths! 55"" Smart TVs in each apt! Ask us about our amazing rates with our track leases & 12 month lease! Price reflects early bird discount.",685.719421907855,998.114322610954
"ALLDREDGE HOUSE","M","243 S 1ST E","986-231-8518",1045,1095,8,8,150,3,"",43.82074947,-111.7806074,"Hurry quick! Come make ALLDREDGE HOUSE your home away from home! Located directly across the street from the Clarke Building and only a few blocks away from down town. Great Ward with the guys right next door!",297.964284614959,654.806992347697
"ALLEN'S SUNRISE VILLAGE - MEN","M","48 W 2ND S","208-356-3995",1181.67,1225,138,133,150,6,"www.sunrisevillageapts.com",43.82275434,-111.7857894,"Sale on multi-semester contracts happening now.  Save up to $175 + FREE Laundry! We are well-known for our friendliness, two refrigerators, low prices, great location, our free laundry, reliable OPTIX internet and amazing managers. You'll love having all Sunrise men and women in your ward! We would love to show you why everyone loves to live at Sunrise Village. www.SunriseVillageApts.com",547.940773576173,945.30118183435
"ALLEN'S SUNRISE VILLAGE - WOMEN","F","48 W 2ND S","208-356-3995",1225,1225,144,133,150,3,"www.sunrisevillageapts.com",43.82275434,-111.7857894,"Sale on multi-semester contracts happening now.  Save up to $175 + FREE Laundry! We are well-known for our friendliness, two refridgerators, low prices, great location, our free laundry, reliable OPTIX internet and amazing managers. You'll love having all Sunrise men and women in your ward! We would love to show you why everyone loves to live at Sunrise Village. www.SunriseVillageApts.com",547.940773576173,945.30118183435
"ALPINE CHALET","M","460 S 2ND W","(208) 356-9282",1030,1085,162,111,150,6,"www.rexburghousing.com/alpine-chalet",43.81603117,-111.790199,"Alpine Chalet is a great place to live!  It is close to campus and surrounded by many BYUI housing complexes.  It has an amazing pool, hot tub, and weight room. Not to mention, we added 2nd fridges and smart TVs to all of our apartments! There is an outdoor gas fire pit and built-in barbecue area that is great for hanging out with friends or studying.",675.489213767168,724.130933091984
"AMERICAN AVENUE - MEN","M","151 S 1ST E","208-356-5097",1505,1695,86,110,150,7,"www.myamericanavenue.com",43.8227079,-111.779674,"At American Avenue we have several apartment layouts for you to make home.  We are currently under renovation and things are amazing! Our apartment homes have shared room or private room options next to campus and steps from downtown Rexburg. We offer covered parking and great savings when you sign multi-semester contracts.  Right now you can save up to $175!",525.534995518202,880.014318150109
"AMERICAN AVENUE - WOMEN","F","151 S 1ST E","208-356-5097",1225,1225,138,110,150,3,"myamericanavenue.com",43.8227079,-111.779674,"At American Avenue we have several apartment layouts for you to make home.  We are currently under renovation & things are amazing! Our apartment homes have shared room or private room options next to campus & steps from downtown Rexburg. We offer great savings when you sign multi-semester contracts & a friend referral bonus! Right now you can save up to $175!",525.534995518202,880.014318150109
"ARCADIA APARTMENTS","M","138 W 4th S","208-881-2935",995,995,41,30,100,6,"www.arcadiarexburg.com",43.81813297,-111.7880264,"Arcadia Apartments is located just across from the BYU-Idaho Center, literally steps from campus. Arcadia is priced at just $400. Arcadia offers clean, comfortable apartments with a very social atmosphere.  Awesome amenities include; sand Volleyball, Basketball Court, Apple TV, and so much more.  Call/text us at 208-881-2935 for info or to schedule a tour!",446.711060732614,648.084981884298
"AT THE GROVE","F","349 HARVARD AVE","512-363-2396",1250,1250,6,6,150,1,"atthegroveapts.com",43.81865937,-111.7763239,"At The Grove is a spacious basement apartment, located just a stone's throw away from the east side of campus, and around the corner from the temple. Here you will enjoy the feeling of ""home,"" in apartment laundry, great managers, a great ward, and a large backyard. You'll feel right at home here At The Grove!",496.662577261209,582.402605528998
"AUTUMN WINDS - MEN","M","160 W 5TH S","(208) 356-0821",1725,1725,24,150,150,1,"www.rexburghousing.com/autumn-winds",43.81599246,-111.7884877,"Private rooms! Only 4 students per apartment. Two bathroom and in-unit W/D.  Very well maintained and close to campus!!  We have plenty of parking, a nice lounge, a fantastic ward, and a long list of Rexburg Housing amenities that include 2 swimming pools, theater room, free haircuts, and much more! Spots in Autumn Winds get reserved extremely quickly, so sign up for your own private room NOW!",553.882039925135,588.197656526296
"AUTUMN WINDS - WOMEN","F","160 W 5TH S","(208) 356-0821",1725,1725,96,150,150,1,"www.rexburghousing.com/autumn-winds",43.81599246,-111.7884877,"Autumn Winds offers Private rooms with only 4 people per apartment! There are two bathrooms with 2 sinks each, so you will have your own vanity area. Each apartment has in-unit W/D, so you won't need to drag your laundry anywhere. We have plenty of parking, a nice lounge, a fantastic ward, and a long list of Rexburg Housing amenities. Space at Autumn Winds goes quickly, so reserve your spot today!",553.882039925135,588.197656526296
"AVONLEA - MEN","M","175 W 3RD S","208-359-0920",1177,1290,76,31,80,15,"www.rexburgstudenthousing.com/new/property/14",43.820138,-111.788876,"A short three-minute walk to the Hart Building! Enjoy a great social atmosphere living directly across from Avonlea Women. Tons of parking is available in our overflow lot. The massive bedrooms feature in-bedroom bathrooms. Amenities include two fridges, wall-mounted TVs, free laundry, and an awesome lounge with a barbecue patio, ping pong, foosball, and a large movie room!",547.29462568831,841.950273917512
"AVONLEA - WOMEN","F","175 W 3RD S","(208) 359-0920",1398.33,1725,66,54,80,6,"www.rexburgstudenthousing.com/new/property/13",43.81944123,-111.789228,"Avonlea prides itself on being one of the most sought-after properties at BYU-I. You’ll enjoy the beautiful grounds for relaxing, games, or FHE parties and an amazing location so close to campus! Each unit has private and shared rooms, a washer/dryer, a spacious vanity and bathroom area, a homey feel, and the ward is amazing! The lounge has study areas, a piano room, and a TV for movie nights!",553.367426583124,812.134986535789
"BAYSIDE MANOR","F","248 1/2 CORNELL AVE","208-794-0652",985,985,8,8,90,1,"baysidemanor.blogspot.com",43.82065271,-111.7798457,"With its prime location close to the girls dorms and across the street from campus, you can get the off-campus experience and great location all at the same time. Bayside Manor is a basement apartment that houses 8 girls. It has 3 large bedrooms, 2 bathrooms, 2 refrigerators, study room, storage room, laundry room, fireplace, internet, cable t.v., yard, & lots of space! Call today 208-794-0652",325.111325094436,652.567329437239
"BIRCH PLAZA - MEN","M","236 S 1ST W","(208) 359-8200",1301.67,1505,98,60,150,6,"www.rexburghousing.com/birch-plaza",43.82093525,-111.78819,"Some choose to spend all of their BYU-Idaho years living at Birch Plaza. That's how good it is. The wards are outstanding, and there's a sense of community that you'll find almost nowhere else. Birch Plaza has an onsite a hot tub, an exercise room, and a spacious lounge. It's also right across the street from the BYU Idaho stadium! You'll love it here.",535.853813010691,869.682528230362
"BIRCH PLAZA - WOMEN","F","236 S 1ST W","(208) 359-8200",1352.5,1505,173,100,150,3,"www.rexburghousing.com/birch-plaza",43.82093525,-111.78819,"Some girls choose to spend all of their BYU-Idaho years living at Birch Plaza. That's how good it is. The wards are outstanding, and there's a sense of community that you'll find almost nowhere else. Birch Plaza has a hot tub, an exercise room, and a spacious lounge. It's also right across the street from the BYU Idaho stadium! You'll love it here.",535.853813010691,869.682528230362
"BIRCH WOOD I","F","253 S 2ND W","(208) 359-8200",1370,1505,65,20,150,3,"www.rexburghousing.com/birch-plaza",43.8203779,-111.7891556,"Birch Plaza Premium is a very special place. The ward is outstanding, as are the residents. There's a hot tub and ample parking. A city park is one block away, and BYUI campus is half a block in the other direction. We've got girls from across the country and around the globe, including many returned missionaries. You'll love Birch Plaza Premium!",577.855024805305,876.649964289811
"BIRCH WOOD II","F","253 S 2ND W","(208) 359-8200",1425,1545,24,20,150,3,"www.rexburghousing.com/birch-plaza",43.8203779,-111.7891556,"Extra large PRIVATE rooms, with some shared rooms as well. Washer and dryer inside your apartment! Across the street from campus. With the BEST student ward! Hurry and sign up, because these very limited spots always fill up early. You're going to LOVE Birchwood II!",577.855024805305,876.649964289811
"BLUE DOOR, THE - MEN","M","123 PRINCETON CT","(208) 356-3001",1025,1025,24,25,80,2,"www.rexburgstudenthousing.com/new/property/1",43.82347422,-111.7792019,"At Blue Door, you’ll have two fridges, an in-unit washer/dryer, and a TV! There is an impressive open space with volleyball courts, a fire pit, and a basketball court. The social atmosphere is amazing! The lounge has ping pong, foosball, a piano, and a large TV for movie nights.",618.738598100049,970.261374130021
"BLUE DOOR, THE - WOMEN","F","123 PRINCETON CT","(208) 356-3001",997.5,1075,24,25,80,3,"www.rexburgstudenthousing.com/new/property/1",43.82347422,-111.7792019,"At Blue Door, you’ll have two fridges, an in-unit washer/dryer, and a TV! There is an impressive open space with volleyball courts, a fire pit, and a basketball court. The social atmosphere is amazing! The lounge has ping pong, foosball, a piano, and a large TV for movie nights.",618.738598100049,970.261374130021
"BOUNTIFUL PLACE","M","345 W 5TH S","(208) 351-7080",1099,1099,130,85,75,5,"www.bountifulplace.com",43.81474992,-111.793769,"Make Bountiful Place your home for just $1099. Large bedrooms, newer construction, high ceilings, modern furnishings, a piano in the lounge, and study rooms on site make this complex an amazing deal. Bountiful offers AC, 50"" flat-screen TV with Roku, free laundry, a fire pit, 2 fridges, large bedrooms, and waffles every Wednesday! Call/text us today at 208-351-7080!",995.753434232336,1000.08261940615
"BRIARWOOD APARTMENTS","M","163 E 2ND S","208-356-3001",1057.5,1120,24,50,80,3,"www.rexburgstudenthousing.com/new/property/3",43.82235957,-111.778923,"Briarwood is a small, tight-knit community of four apartments that shares a lounge with neighboring Greenbrier (men and women housing). The lounge has ping-pong, foosball, a piano, study tables, and a TV for movie nights! Each unit has a free washer and dryer, dishwasher, spacious bedrooms, a huge bathroom, two standing showers, and a two-sink vanity. There is tons of parking at Briarwood.",521.539346190561,853.490665619805
"BRIGHTON APARTMENTS - MEN","M","242 W 6TH S","208-356-9693",1325,1375,108,165,150,10,"www.brightonhousing.net",43.8129693,-111.7904967,"You’ll easily find your home away from home at Brighton! Four different floor plans with private rooms and shared rooms available. Laundry in each apartment/townhouse, TV's, reliable internet. Quiet, fun and friendly atmosphere. Laundry, free parking with 165 spaces, A/C, and all utilities included! 
Our office is located in the clubhouse. Open M-F 9-5, (208)356-9693",885.67983495555,766.69348622103
"BRIGHTON APARTMENTS - WOMEN","F","225 W 6th S #9","208-356-9693",1400,1425,60,165,150,3,"www.brightonhousing.net",43.8129693,-111.7904967,"Come see our girls townhomes! Built the summer of 2012 and 2016. Only 4 girls to a townhome! 2 Large and roomy bedrooms upstairs. Washer and dryer in each townhome. Club house with a pool table, ping pong, air hockey table, kitchen, fireplace & large flat screen. 

NO hidden fees! FREE parking, laundry, Optix internet and utilities! Office is in the clubhouse. Open M-F (208) 356-9693",885.67983495555,766.69348622103
"BROOKLYN APARTMENTS","F","345 S 2ND W","208-356-9500",995,995,144,45,150,3,"craiglandhousing.com/new/property/1",43.81866711,-111.7890135,"Brooklyn Apartments is a wonderful place to live, study, meet new friends and grow. Living here makes socializing, getting to class and shopping easier as we are located in the heart of Rexburg and only one block from campus. Our new furniture and carpet offers quality and comfortable living at a great low price. Come by and check us out!",525.423303021006,747.115309486096
"BROOKSIDE VILLAGE - MEN","M","487 S 3RD W","(208) 356-0788",1650,1650,60,98,150,1,"www.rexburghousing.com/brookside-village",43.81582215,-111.7916045,"Brookside Village is a unique community of private bedroom town homes. We offer a large party kitchen and dining area.  The bedrooms have built in dresser and shelves in the closet. Storage rooms are in the apartment, so you don't have to go very far to leave your items on your off track. This is the perfect place if you are looking for privacy and a social lifestyle all mixed into one!",788.862393385202,832.433625873093
"BROOKSIDE VILLAGE - WOMEN","F","487 S 3RD W","(208) 356-0788",1650,1650,86,96,150,5,"www.rexburghousing.com/brookside-village",43.81582215,-111.7916045,"Brookside Village is a unique community of private bedroom town homes. We offer a large party kitchen and dining area.  The bedrooms have built in dresser and shelves in the closet. Storage rooms are in the apartment, so you don't have to go very far to leave your items on your off track. This is the perfect place if you are looking for privacy and a social lifestyle all mixed into one!",788.862393385202,832.433625873093
"BUENA VISTA","F","406 S 3RD E","208-359-9681",900,900,21,7,50,6,"buenavistaapartments.blogspot.com/p/home.html",43.8174285,-111.7754656,"Buena Vista is perfect for the dedicated student. We're a friendly house located in a quiet neighborhood just two blocks from campus and a ten minute walk from the temple. There is a piano in every apartment and we also have an apartment garden.
Returning resident discounts!

Prices:

Fall: $925
Winter: $900
Spring: $850
Summer: $325",576.187247268527,550.949555324834
"BUNKHOUSE","M","156 W 4TH S","208-356-7419",995,995,324,195,150,6,"bunkhouseapts.com",43.8184852,-111.7876616,"Bunkhouse Apartments provide a down-to-earth living environment that you'll love! Located across the street from the BYU-Idaho Center, surrounded by women's housing and next to some of Rexburg's best restaurants, you'll enjoy your choice of 3 floorplans, excellent wards and FREE LAUNDRY!!! Make sure to visit our website for details and sign a contract: www.bunkhouseapts.com",416.087301304241,647.394213821256
"CAMDEN APARTMENTS - MEN","M","225 W 5TH S","208-656-9611",1575,1575,24,65,150,1,"www.camdenrexburg.com/",43.81539249,-111.7901078,"Camden Apartments is a PRIVATE ROOM complex, only ONE block away from campus! If you love having a spacious bedroom and closet, an apartment with two bathrooms, two fridges, and the privacy you need for your studies, then this is the place for you! The free Walmart Shuttle also picks up right outside. 

https://www.camdenrexburg.com 208-656-9611",700.188093407084,707.706171298213
"CAMDEN APARTMENTS - WOMEN","F","225 W 5TH S","208-656-9611",1616.67,1650,53,70,150,6,"www.camdenapts.net",43.81539249,-111.7901078,"Camden Apartments is a PRIVATE ROOM complex, only ONE block away from campus! If you love having a spacious bedroom and closet, an apartment with two bathrooms, two fridges, and the privacy you need for your studies, then this is the place for you! The free Walmart Shuttle also picks up right outside.

Apply online today! https://www.camdenrexburg.com 208-656-9611",700.188093407084,707.706171298213
"CARRIAGE HOUSE","F","246 S 1ST W","208-356-4361",1256.67,1260,234,85,80,5,"www.rexburgstudenthousing.com/new/property/10",43.8207456,-111.7874953,"Each apt has 2 FRIDGES, a free WASHER/DRYER, and captains beds for extra storage. From our managers to our maintenance, we’ll strive to make your experience here fantastic! Enjoy living directly across the street from campus (only a 1-2 min walk). You’ll have a spacious lounge with a large TV, study tables, and a piano/music room. Outside there are shade trees lots of grass!",477.250211826919,818.512176268549
"CARRIAGE HOUSE TOWNHOUSE","F","246 S 1 W APT 114","208-356-4361",1285,1285,8,85,80,1,"www.rexburgstudenthousing.com/new/property/11",43.8207848,-111.7867195,"This spacious townhouse has 4 bedrooms, study and storage rooms, 2 bathrooms, and 2 living rooms. It's directly across the street from campus! It comes with 2 fridges, an in-unit washer/dryer,  available parking at nearby lots, and The Carriage House lounge next door.",428.544438868439,785.963467880476
"CEDARS, THE - MEN","M","120 W 2ND S","208-356-0222",1595,1595,354,300,125,1,"Cedarshousing.com",43.82246407,-111.7871144,"The Cedars is conveniently located kiddie-corner to campus. We offer both above and under-ground parking and discounts to nearby food and clothing shops. Our apartments are spacious, modern, and homey with plenty of storage space, two fridges and large televisions! Laundry is free with laundry facilities on each floor. Come experience a home away from home.",581.641885971619,962.224977082974
"CEDARS, THE - WOMEN","F","155 W 2nd S","208-346-7006",1695,1695,444,230,125,1,"Cedarshousing.com",43.82142293,-111.7872673,"Welcome to one of the best housing complexes in Rexburg! We are a complex with 74 apartments that have three bedroom shared units. In each unit there are 3 bathrooms, two fridges, and in apartment laundry. 
 Activities will always include young men from our neighboring Mens Cedars complex across the street! Come check out an exciting and fun complex!",507.495836221702,869.417117197419
"CENTRE SQUARE - MEN","M","650 S 1ST W","208-496-9220",1449,1499,304,100,75,6,"www.byui.edu/housing/centre-square",43.81262865,-111.7871064,"If you want to live in Zion, this is the place. We listened to your needs/wants and here they are. Extra storage, large kitchen & pantry, wonderful vanities, free use of washer & dryer in each apartment, study rooms, gathering rooms, music rooms, green space, etc. Come enjoy.",744.890498245162,527.083911045759
"CENTRE SQUARE - WOMEN","F","650 S 1ST W","208-496-9220",1449,1499,546,200,75,12,"www.byui.edu/housing/centre-square",43.81176154,-111.787675,"If you want to live in Zion, this is the place. We listened to your needs/wants and here they are. Extra storage, large kitchen & pantry, wonderful vanities, free use washer & dryer in each apartment, study rooms, gathering rooms, music rooms, green space, etc. Come enjoy.",851.255801756818,616.315193161396
"CHAPMAN HOUSE","F","179 E 2ND S","208-356-3001",1435,1625,7,50,80,3,"www.rexburgstudenthousing.com/new/property/7",43.822054,-111.778304,"Converting to women's housing Spring 2022! Chapman House is a large house with 5 private bedrooms, 1 shared bedroom, 3 bathrooms, and a huge living room! The house has a free washer/dryer and tons of parking! The large floor plan and proximity to campus (one-block away) are amazing as well as the shared lounge (ping-pong, foosball, TV, study tables, piano).",524.064845736675,833.67573602705
"CLARKE APARTMENTS","M","156 S CENTER ST","(208) 356-6660",1025,1025,42,36,100,6,"www.clarkeapartments.com",43.82252986,-111.7841747,"AFFORDABLE, ABUNDANT LIVING AT CLARKE APARTMENTS! Clarke can be your next home just steps away from campus. Each apartment comes with a washer and dryer. We have several great amenities including a fire pit, basketball hoop, big projector movie screen outside, and a large grass area. Call us today at 208-356-6660 or apply online at clarkeapartments.com!",474.199541680674,880.028294448539
"COLLEGE AVENUE APARTMENTS","F","150 COLLEGE AVE","208-313-8182",1200,1350,8,8,100,3,"",43.82300204,-111.7827103,"Plemty of parkimg,  Fabulous location across from campus.  Surrounded by byui play yards .  Great internet and free washer and dryer in the apartment. Plenty of hot water. Two full kitchens and two baths with vanity and sink area. Porch with picnic table. Great mattresses. 50 inch tv",507.192255414825,909.137870835277
"COLONIAL HEIGHTS TOWNHOUSES","M","251 E 4TH S","208-356-6752",900,900,64,40,100,1,"WWW.COLONIALHEIGHTSTOWNHOUSES.COM",43.81789299,-111.7762595,"Spacious 3 level townhouse, includes 4 bedrooms, 2.5 bathrooms, living room, kitchen (with 2 refrigerators) and a front and back porch. Rent includes free High Speed Internet, electricity and free washer/dryer facilities in each apartment. 
PRIVATE BEDROOMS ARE AN ADDITIONAL $100.
Summer Session contracts are ONLY sold with a Fall Contract. 
We do not rent over the Christmas Break.",504.919605296119,528.337575507706
"COLONIAL HOUSE - MEN","M","151 W 4TH S","208-359-2848",1405,1405,144,199,150,1,"www.colonial-house.com",43.81713046,-111.7891958,"Located less than one block from the center of campus, The Colonial House is the perfect mixture of convenience and fun.  With amenities like in-apartment washer/dryer, large 4K TVs, spacious rooms, and a huge vanity, students love living at The Colonial House.  Not to mention our great price!  Add all that up and The Colonial House provides an amazing value for students!  www.colonial-house.com",558.766575457424,679.692451120062
"COLONIAL HOUSE - WOMEN","F","151 W 4TH S","208-359-2848",1415,1415,192,199,150,1,"https://www.the-colonial-house.com/",43.81713046,-111.7891958,"Located less than one block from campus, The Colonial House is the perfect mixture of convenience and fun.  With amenities like in-unit washer/dryer, large 4K TVs, spacious room, and a huge bathroom vanity, students love living at The Colonial House. Not to mention our great price! Add all that up and The Colonial House provides an amazing value for students! https://www.the-colonial-house.com/",558.766575457424,679.692451120062
"COTTONWOOD - MEN","M","42 S 1ST W","208-356-9576",995,995,60,100,150,1,"www.cottonwoodstudentapartments.com",43.82469723,-111.7871091,"Men's and Women's Housing. FREE Laundry!
Perfect for students of all ages with something for everyone.
Nice courtyard, lounge, game room, fruit trees, basketball court, volleyball net, fire pit, and a covered bike area!

Less than 2 blocks from campus and close to Broulims' groceries and downtown Rexburg. 
LOTS OF PARKING TOO!
Fall/Winter: $995
Spring: $895
Summer: $495",788.30661937543,1185.41311840504
"COTTONWOOD - WOMEN","F","42 S 1ST W","(208) 356-9576",995,995,84,100,150,1,"www.cottonwoodstudentapartments.com",43.82469723,-111.7871091,"Men and Women's Housing. FREE Laundry!
Perfect for students of all ages with something for everyone.
Nice courtyard, lounge, game room, fruit trees, basketball court, volleyball net, fire pit, and a covered bike area!

Less than 2 blocks from campus and close to Broulims' groceries and downtown Rexburg. 
LOTS OF PARKING TOO!
Fall/Winter: $995
Spring: $895
Summer: $495",788.30661937543,1185.41311840504
"COVE, THE - MEN","M","220 S 2ND W","208-701-4212",1668,1725,224,450,100,10,"rexburgcove.com",43.82126811,-111.7907327,"The Cove is truly a one of a kind community. Each apartment has a unique layout with options for large bedrooms, private bathrooms, and large spacious living areas. We are one block from campus, right next to Porter Park, and within walking distance to the grocery store. You can also spend time on our upper deck in the hot tubs while watching a show on our 9'x13' TV!",733.796578138373,1036.71986239614
"COVE, THE - WOMEN","F","220 S 2ND W","208-701-4212",1599,1649,342,450,100,10,"rexburgcove.com",43.82126811,-111.7907327,"The Cove is truly a one of a kind community. Each apartment has a unique layout with options for large bedrooms, private bathrooms, and large spacious living areas. We are one block from campus, right next to Porter Park, and within walking distance to the grocery store. You can also spend time on our upper deck in the hot tubs while watching a show on our 9'x13' TV!",733.796578138373,1036.71986239614
"CREEKSIDE COTTAGES - MEN","M","276 STEINER AVE","(208) 270-3207",1400,1500,10,10,100,3,"creeksidemensbyui.blogspot.com",43.81998311,-111.7942867,"Large house with 2 spacious apartments. A 3 bedroom main level and a 3 bed basement apartment. Both are fully furnished. Both feature leather furniture, fiber-optics, 2 refrigerators, 55'smart TVs, free Netflix, free laundry and a garage for storage. Just 2 1/2 blocks from campus. Great Ward! Great location. RM & MULTI-CONTRACT DISCOUNTS! YEAR ROUND LIVING! Come check us out!",964.399691792414,1185.91179398811
"CREEKSIDE COTTAGES - WOMEN","F","276 STEINER AVE","(208) 270-3207",1366.67,1500,24,28,100,6,"creeksidewomenbyui.blogspot.com",43.81998311,-111.7942867,"Three beautiful, private, clean, peaceful BYUI Women's houses. Located 2½ blocks west of campus. Offering: free in apt washer/dryers, Roku, Wi-Fi, Netflix, 55"" TVs, all fully furnished. Rent includes a large garage for storage. Awesome Bishop and a great ward! RM & MULTI-CONTRACT DISCOUNTS! Year round living! Come check us out!",964.399691792414,1185.91179398811
"CRESTWOOD APARTMENTS","M","235 S 1ST E","208-274-3828",995,995,50,30,75,3,"crestwoodrexburg.managebuilding.com/Resident/public/home",43.82107459,-111.7804787,"Featuring reliable 1GB dedicated fiber optic internet; transmit and receive data without a dip; perfect for serious students with a need for dependable online connections, this is an unparalleled service for student housing in Rexburg. Crestwood is also an affordable, great place to live! with free onsite laundry facilities  Our tenants are awesome and our location can't be beat!",334.469344698158,691.752015212337
"CRESTWOOD COTTAGE","F","221 S 1ST E","208-274-3828",995,995,10,10,75,3,"crestwoodrexburg.managebuilding.com/Resident/public/home",43.82124102,-111.7806664,"Crestwood is an affordable, great place to live! We offer free onsite laundry facilities and 1 gig dedicated fiber internet! Our tenants are awesome and our location can't be beat!",344.062650278601,708.839151798465
"CRESTWOOD HOUSE","M","235 S 1ST E","208-274-3828",895,895,11,10,75,3,"crestwoodrexburg.managebuilding.com/Resident/public/home",43.82093912,-111.7805055,"Featuring reliable 1GB dedicated fiber optic internet; transmit and receive data without a dip; perfect for serious students with a need for dependable online connections. Per capita, this is an unparalleled service for student housing in Rexburg. Crestwood is also an affordable, great place to live! with free onsite laundry facilities  Our tenants are awesome and our location can't be beat!",320.298498707401,676.560152159905
"DAVENPORT APARTMENTS","F","145 W 3RD S","208-356-3216",895,895,71,31,100,3,"davenportapartments.net",43.81930189,-111.7882195,"Davenport has an ideal price and an ideal location, we're 1/2 block from campus. We offer FREE LAUNDRY and recently upgraded Fiber Optic Internet.  We are well-known for our large living spaces, home-like atmosphere, fun and social wards and our WONDERFUL tenants! Discounts available for RM's.",470.779833827707,740.078212899237
"DELTA PHI APARTMENTS","M","139 VIKING DR","208-359-8015",1145,1195,60,44,150,3,"www.deltaphiapts.com",43.81708401,-111.7880532,"Steps away from campus, we are located next to the BYU-Idaho Center.  You will find our clean and well maintained apartments friendly and inviting with a relaxed atmosphere. Student- friendly fully furnished apartments with Optix high speed internet, on-site laundry, parking and a Gaming Lounge.  We pride ourselves in our affordable pricing and being recommended by previous tenants!",472.244598718941,593.024613304489
"GATES, THE - MEN","M","370 W 7TH S","208-356-6686",1752.5,1820,282,206,150,3,"www.thegatesatrexburg.com",43.81406091,-111.7939299,"The Gates is a top-of-the-line affordable Townhome. Some of the largest rooms in Rexburg with personal closets and separate bathrooms for each bedroom. There are 2 fridges and washers and dryers in your apartment! Reserve our 12-couch theater room, work out in our weight room, or hang out in our new hot tub. You’ll save hundreds on laundry, utilities, and parking. Call today!",1041.07202554385,1017.00939631583
"GATES, THE - WOMEN","F","350 W 6TH S","208-356-6686",1752.5,1820,300,224,150,3,"www.thegatesatrexburg.com",43.81406091,-111.7939299,"The Gates is a top-of-the-line affordable Townhome. Recently built it features some of the largest rooms in Rexburg with personal closets and separate bathrooms for each bedroom. There are 2 fridges and free washers and dryers in your townhome! Reserve our 12 couch theater room or work out in our weight room. You’ll save hundreds on laundry, utilities and parking. Call today! We have a hot tub!!",1041.07202554385,1017.00939631583
"GEORGETOWN APARTMENTS","M","236 W 3RD S","208-359-3191",1145,1145,72,51,150,1,"rexburghousing.com/georgetown",43.82025017,-111.7905852,"This Men's complex is only a block from campus, Georgetown's great location is central to Rexburg's finest. You'll enjoy the grill, outdoor basketball hoop, and proximity to different shops, parks, and more. Living in a Rexburg Housing community means you'll also have free and open access to the amenities at 6 other properties such as pools, hot tubs, study centers, theater rooms, and more!",681.601590550795,953.542135249068
"GREENBRIER - MEN","M","129 PRINCETON CT","208-356-3001",1115,1115,48,40,80,1,"www.rexburgstudenthousing.com/new/property/8",43.82296721,-111.7790142,"With men and women’s housing in adjacent Greenbrier buildings, there is a fantastic sense of community and a terrific social environment! Residents love the huge sun windows in the living room and the washer/dryer in each unit. You’ll enjoy tons of greenspace for games, volleyball, a basketball court, firepits, and a lounge for fun, music, and study!",575.507063329259,917.833982803505
"GREENBRIER - WOMEN","F","129 PRINCETON CT","208-356-3001",1216.67,1625,92,40,80,9,"www.rexburgstudenthousing.com/new/property/8",43.82296721,-111.7790142,"With men and women’s housing in adjacent Greenbrier buildings, there is a fantastic sense of community and a terrific social environment! Residents love the huge sun windows in the living room and the washer/dryer in each unit. You’ll enjoy tons of greenspace for games, volleyball, a basketball court, firepits, and a lounge for fun, music, and study!",575.507063329259,917.833982803505
"GREENBRIER HOUSE","M","129 PRINCETON CT","208-356-3001",1320,1320,6,40,80,1,"www.rexburgstudenthousing.com/new/property/9",43.82296721,-111.7790142,"With men and women’s housing in adjacent Greenbrier buildings, there is a fantastic sense of community and a terrific social environment! Residents love the huge sun windows in the living room and the washer/dryer in each unit. You’ll enjoy tons of greenspace for games, volleyball, a basketball court, firepits, and a lounge for fun, music, and study! Plus a fun and friendly staff.",575.507063329259,917.833982803505
"HERITAGE - MEN","M","129 W 4TH S","208-356-7952",1300,1300,180,145,150,1,"HeritageRexburg.com",43.8170066,-111.7877421,"Hands down best location across the street from campus and the BYU-Idaho Center. Newly renovated with new appliances, cabinetry and a washer & dryer.  At Heritage you’ll find very affordable pricing, a huge clubhouse with a full kitchen, a piano room, WiFI internet, and 2 fitness rooms.",451.556764205632,566.683286662714
"HERITAGE - WOMEN","F","129 W 4TH S","208-356-7952",1300,1300,192,145,150,1,"HeritageRexburg.com",43.8170066,-111.7877421,"Hands down best location across the street from campus and the BYU-Idaho Center. Newly renovated with new appliances, cabinetry and a washer & dryer.  At Heritage you’ll find very affordable pricing, a huge clubhouse with a full kitchen, a piano room, WiFI internet, and 2 fitness rooms.",451.556764205632,566.683286662714
"HILLCREST TOWNHOUSES - MEN","M","465 S 2ND E","208-356-7211",1425,1625,64,60,150,3,"www.hillcrest-townhouses.com",43.81597311,-111.7773619,"Hillcrest is a GREAT place to live! The townhouse style apartments make you feel as if you are right at home. Hillcrest has both men's and women's private and shared rooms making one complete ward. All townhouses occupy only four tenants to each townhouse making plenty of room for all! Come in and take a tour and see our amenities that include an on-site gym, theatre, study room, and FREE laundry.",495.315707803812,342.325476518983
"HILLCREST TOWNHOUSES - WOMEN","F","465 S 2ND E","208-356-7211",1425,1625,76,60,150,3,"www.hillcrest-townhouses.com",43.81597311,-111.7773619,"Hillcrest is a GREAT place to live! The townhouse style apartments make you feel as if you are right at home. Hillcrest has both men's and women's private and shared rooms making one complete ward. All townhouses occupy only four tenants to each townhouse making plenty of room for all! Come in and take a tour and see our amenities that include an on-site gym, theatre, study room, and FREE laundry.",495.315707803812,342.325476518983
"HILL'S COLLEGE AVE APTS","F","136 COLLEGE AVE","3565786/3136745",880,880,8,0,70,1,"",43.82271564,-111.7826513,"Hill's College Ave. house is 1/2 block from campus. There is a fireplace, spacious living room, huge dining room, roomy kitchen with two ovens and two fridges, with plenty of storage space. There are two bathrooms, a standing shower, as well as a tub with shower. A washer and dryer and all utilities are provided free.  The house is surrounded by beautiful BYUI playing fields. Come take a look!",475.238158241528,876.976015676684
"JACOB'S HOUSE","M","149 E 2ND S","208-356-3001",1220,1220,11,50,80,1,"www.rexburgstudenthousing.com/new/property/4",43.82206542,-111.7792341,"This house has an unbelievable kitchen with a huge island and two fridges. With over 3,000 square feet, it feels very spacious and comfortable. There are two sets of washer/dryers, a back porch, and tons of parking available. Additionally, this home comes with 5 extra study/workout/music rooms, 4 bathrooms, and 3 exits out of the home. It is also less than a block from campus!",480.487403770837,816.141039258834
"JORDAN RIDGE","M","291 E 7TH S","208-359-2221",1574,1649,360,350,150,3,"www.meet-me-at-the-ridge.com",43.8120309,-111.7758519,"College is about students defining their future. We want to create a living environment that empowers student to do just that. We want to provide a framework for your future. *ALL PRIVATE BEDROOMS* All inclusive: Free laundry (3 Building have W/D in Units, free parking, Roku TV, internet, Fitness center, hot tub, BBQ & more. BEST view in town!",890.124791036949,543.306540831569
"KENSINGTON MANOR - MEN","M","345 S 2ND E","208-356-4473",1175,1175,108,95,125,1,"www.kensingtonmanorrexburg.com",43.81843488,-111.7776436,"Make yourself at home at the Kensington Manor Apartments, located across the street from campus and can be seen from the BYU-I bookstore. Choose from three different layouts including our new, larger apartments.

""I would pick living at Kensington Manor over any other apartment complex! Wonderful Manager, terrific location, nice rooms and the best ward on campus!” –Susie",389.895119413494,494.414593170941
"KENSINGTON MANOR - WOMEN","F","345 S 2ND E","208-356-4473",1300,1325,108,95,125,3,"www.kensingtonmanorrexburg.com",43.81843488,-111.7776436,"Make yourself at home at the Kensington Manor Apartments, located across the street from campus and can be seen from the BYU-I bookstore. Choose from three different layouts including our new, larger apartments.

""I would pick living at Kensington Manor over any other apartment complex! Wonderful Manager, terrific location, nice rooms and the best ward on campus!” –Susie",389.895119413494,494.414593170941
"LA JOLLA - MEN","M","65 S 1ST W","(208) 359-1985",1179,1179,72,200,150,1,"www.LaJollaRexburg.com",43.82439535,-111.7863473,"La Jolla is a mixed gender complex conveniently located one block north of campus.  It's surrounded by campus, grocery stores, job opportunities on Main St, and many food places.  You’ll find a BBQ area, basketball court, covered bike pavilion, high speed internet, a fitness room, piano room,and a lounge that includes a fireplace, full kitchen, a 70"" Smart TV, and games! Call us for more perks!",730.83881238873,1131.3822797142
"LA JOLLA - WOMEN","F","65 S 1ST W","(208) 359-1985",1179,1179,210,200,150,1,"www.LaJollaRexburg.com",43.82439535,-111.7863473,"La Jolla is a mixed gender complex conveniently located one block north of campus.  It's close to campus, grocery stores, job opportunities on main street Rexburg, and many food places.  You’ll find a BBQ area, basketball court, covered bike pavilion, high speed internet, a state of the art fitness room, piano room and a lounge with a fireplace, full kitchen, 70"" Smart TV and games.",730.83881238873,1131.3822797142
"LANDING, THE - MEN","M","359 W 4TH S","208-356-9560",1640,1640,148,82,100,2,"thelandingrexburg.com",43.817429,-111.79445,"The Landing has everything you need, including a large kitchen with granite countertops, two refrigerators, stainless steel appliances, A/C, personal built-in desks, in-apartment washer/dryer, separate vanities and bathrooms, free campus shuttle, and much more. The courtyard between the buildings also creates an amazing social environment right out your front door.  Spots go fast so sign today!",968.729390996583,1092.10690297389
"LANDING, THE - WOMEN","F","359 W 4TH S","208-356-9560",1640,1640,166,82,100,2,"thelandingrexburg.com",43.817429,-111.79445,"The Landing has everything you need, including a large kitchen with granite countertops, two refrigerators, stainless steel appliances, A/C, personal built-in desks, in-apartment washer/dryer, separate vanities and bathrooms, free campus shuttle, and much more. The courtyard between the buildings also creates an amazing social environment right out your front door.  Spots go fast so sign today!",968.729390996583,1092.10690297389
"LEGACY RIDGE","F","667 S 2ND E","208-359-2211",1574,1649,288,288,150,3,"www.meet-me-at-the-ridge.com",43.81212542,-111.7772037,"College is about students defining their future. We want to create a living environment that empowers student to do just that. We want to provide a framework for your future. *ALL PRIVATE BEDROOMS* All inclusive: Free laundry (4 Buildings have W/D in Units, free parking, Wifi live TV, internet, flat screen TV, Fitness center, hot tub, BBQ & more. BEST view in town!",820.447999895428,452.131901205791
"LODGE, THE - MEN","M","538 S 2ND W","208-356-5638",1536.5,1609,474,575,100,10,"www.rexburglodge.com",43.8146067,-111.7914328,"Designed with you in mind, we have up to 6 different floor plans to choose from, with a bathroom for each bedroom, a 5 level parking garage connecting every floor, memory foam mattresses, garbage shoots, a washer and dryer in every apartment, and the latest internet with a high-speed router for each apartment.",836.089378161292,812.587196055967
"LODGE, THE - WOMEN","F","538 S 2ND W","208-356-5638",1675.67,1809,550,575,100,21,"www.rexburglodge.com",43.8146067,-111.7914328,"Designed with you in mind, we have up to 6 different floor plans to choose from, with a bathroom for each bedroom, a 5 level parking garage connecting every floor, memory foam mattresses, a washer and dryer in every apartment, and the latest internet with a high-speed router for each apartment.",836.089378161292,812.587196055967
"MILANO FLATS - MEN","M","440 S 2ND W","(208) 356-3480",1790,1820,142,240,150,3,"www.milanoflats.com/",43.81698337,-111.7899147,"Milano Flats offers all private rooms. Our amenities include a hot tub, two grills, a fitness center, study room with free printing, music room, pool table, fire pits, tanning beds, and more. The apartments include radiant floor heating and a/c units . We have lots of parking if you own a vehicle, if not, we are just a 10 minute walk to most buildings on campus. Come check us out!",618.864505658937,728.376932057699
"MILANO FLATS - WOMEN","F","440 S 2ND W","208-356-3480",1790,1820,142,240,150,3,"www.milanoflats.com/",43.81698337,-111.7899147,"Milano Flats offers all private rooms. Our amenities include a hot tub, two grills, a fitness center, study room with free printing, music room, pool table, fire pits, tanning beds, and more. The apartments include radiant floor heating and a/c units . We have lots of parking if you own a vehicle, if not, we are just a 10 minute walk to most buildings on campus. Come check us out!",618.864505658937,728.376932057699
"MOUNTAIN CREST","M","132 S 3RD W","(208) 359-4193",1120,1145,42,42,100,3,"www.mntcrestapts.com",43.82296721,-111.7928276,"Your Home Away From Home--With its awesome location, great amenity package & excellent rates, Mountain Crest is the ideal approved housing for young men. We are located right across the street from Porter Park. Included in our great rates are a WASHER/DRYER IN EACH UNIT as well as 2 fridges, HIGH-SPEED INTERNET, & free parking. Give us a call or drop in and check us out. You won't be disappointed.",971.922866135374,1288.99461227934
"NAUVOO HOUSE I","M","175 W 5TH S","(208)356-7756",1450,1450,288,310,150,1,"WWW.NAUVOOHOUSE.COM",43.81437058,-111.7887694,"Nauvoo House is a mixed gender complex, just a block away from campus.  At Nauvoo House, you can find the best social experience with friendly neighbors and events that will make your college experience a memorable one. We have fitness rooms, a 2-story clubhouse, theater rooms, basketball area, fiber optic internet, outdoor park and pavilion, BBQ grills and outdoor gas campfire!",677.983676769396,600.40990680124
"NAUVOO HOUSE II","F","175 W 5TH S","208-356-7756",1450,1450,338,310,150,1,"WWW.NAUVOOHOUSE.COM",43.81437058,-111.7887694,"Nauvoo House is a mixed gender complex, just a block away from campus.  At Nauvoo House, you can find the best social experience with friendly neighbors and events that will make your college experience a memorable one. We have fitness rooms, a 2-story clubhouse, theater rooms, basketball area, fiber optic internet, outdoor park and pavilion, BBQ grills and outdoor gas campfire!",677.983676769396,600.40990680124
"NORTHPOINT - MEN","M","141 S 1ST W","208-681-9542",1642.33,1774,476,389,100,36,"www.NorthPointRexburg.com",43.82217379,-111.7862615,"Experience the finest men's housing in Rexburg. Located directly across from campus with modern, comfortable apartments and amazing amenities.  Sign up on our website or come in for a tour.",513.968057427802,901.95295385179
"NORTHPOINT - WOMEN","F","141 S 1ST W","208-681-9542",1599,1739,548,389,100,34,"www.NorthPointRexburg.com",43.82217379,-111.7862615,"Experience the finest Women's housing in Rexburg.  Located directly across from campus with modern, comfortable apartments and amazing amenities.  Sign up on our website or come in for a tour.",513.968057427802,901.95295385179
"PARK VIEW APTS - MEN","M","154 S 3RD W","208 356-3697",1300,1600,51,61,100,10,"www.parkviewrexburg.com",43.82278143,-111.7928329,"Directly across the street from beautiful Porter Park and only two blocks away from campus, Park View Apartments offers walking distance access for students, while maintaining a home environment feeling.  We offer many different floor plans with a washer and dryer in each unit.  With a great ward, unique setup fun outdoor space and a great new game room, come see if this is the place for you!",961.772050084546,1275.00132601062
"PARK VIEW APTS - WOMEN","F","154 S 3RD W #1101","208-356-3697",1333.33,1600,40,0,100,6,"www.parkviewrexburg.com",43.82278143,-111.7928329,"ParkView is unique from most complexes, as we are a group of homes converted into apartments. Directly overlooking Porter Park and nestled among large beautiful trees with open grassy areas, ParkView offers a cozy, personal atmosphere and a great ward at an affordable price! We offer a variety of floor plans to choose from, and all resident parking is completely free!",961.772050084546,1275.00132601062
"PINCOCK HOUSE","M","163 E 2ND S","208-356-3001",1625,1625,7,50,80,1,"www.rexburgstudenthousing.com/new/property/5",43.822094,-111.778896,"This is one of the most popular places at BYU-Idaho because it has 7 private bedrooms! Private bedrooms are perfect because they give space to study and rest peacefully. The home has a very large floor plan; a big kitchen; two fridges; a spacious living room; tons of parking; a lounge with ping-pong, TV, study tables, and piano.",498.422511786697,825.301794493018
"PINES, THE - MEN","M","140 W 2ND S","208-356-5605",892,899,200,200,150,3,"pineshousing.com",43.82246794,-111.7876455,"The Pines is a BYU-I approved men and women's housing complex. We are located across the street from campus next to the stadium. The Pines is within walking distance to movie theaters, restaurants, shops, and grocery stores. We have a pool table, fire pit, on site laundry, pianos, and exercise equipment. Save over $150 when you sign a multiple semester contract!",610.169907357065,983.933481108113
"PINES, THE - WOMEN","F","140 W 2ND S","208-356-5605",894.33,899,126,173,150,6,"pineshousing.com",43.82246794,-111.7876455,"Enjoy flat screen TV’s, high speed internet, and new carpet. Relax by the fireplace in our lobby or build your own fire in our outdoor fire pit. Use our exercise room or try out our piano. With our location and social activities, we are the place to be! To save over $150, sign a Dual Semester Contract for only $1000 per semester!",610.169907357065,983.933481108113
"PINNACLE POINT","M","51 S 1ST E","208-360-2845",1250,1250,140,84,100,10,"www.rexburgpinnacle.com",43.82454242,-111.7803338,"Don't miss out on Pinnacle Point. NO WHITE GLOVE CLEANING REQUIRED and $50 (summer) & $100 (fall, winter & Spring) vending credit. Just one block away from campus, we provide Optix high-speed Internet, an amazing gym, theater room, and game room. Each apartment has air conditioning, flat screen TVs with Roku, and free onsite laundry. Call 208-360-2845 or visit us online at rexburgpinnacle.com!",699.868252654092,1076.62652029606
"RED DOOR, THE","M","135 S 1st E","208-356-3001",1045,1045,48,25,80,1,"www.rexburgstudenthousing.com/new/property/2",43.82312977,-111.7802373,"At Red Door, we have washers/dryers, wall-mounted TV’s, dishwashers, and double-sink vanities in every apartment! You’ll enjoy a fire pit and lounge for movie nights, studying, and foosball. It is super close to campus (only 1/2 block). The environment is social and friendly with both men’s and women’s housing.",551.688796029644,920.904106967979
"RIVIERA APARTMENTS","F","245 S 1ST E","208-360-6790",975,975,82,38,200,3,"WWW.RIVIERA-APTS.COM",43.82015341,-111.7805055,"Check our Website for Discounts!! With our friendly homey atmosphere, we're your perfect 'home away from home'. So close to campus, we're almost part of it. We're just steps away from the heart of campus. You can quickly walk anywhere. No hassle finding parking. Come be a part of Riviera!
6-girl apartments have 2 refrigerators, 2 bathrooms, 2 vanity sinks and so much more.",248.457548925814,589.755463721867
"ROCKLAND APARTMENTS","M","235 W 4TH S","(208) 356-0923",1127.5,1260,160,150,150,21,"rocklandrexburg.com/",43.81721949,-111.7907837,"Rockland is a fantastic property with 2-person, 4-person, and 6-person units available. We have one of the few indoor heated swimming pools in Rexburg, and a great weight room onsite - so we've got you covered all year long with great amenities. Located one block from the BYU-Idaho center at the heart of campus. It just doesn't get any better than this. Apply online today!",680.879205566113,803.014585278477
"ROYAL CREST","F","340 S 1ST W","208-356-7778",995,995,342,135,150,3,"WWW.ROYALCRESTAPARTMENTS.COM",43.81913933,-111.7877153,"If you are looking for affordable, comfortable, social living then Royal Crest is the place for you this semester. With our convenient location in Rexburg, you can be sure to be close to all the community and BYU-Idaho activities. With a serene and casual setting, you`re sure to feel at home with us.",427.495715680784,697.881252950276
"SHELBOURNE APARTMENTS","M","570 S 2ND W","208-656-0746",1295,1375,168,118,100,3,"www.shelbourneapts.com",43.81358865,-111.7902285,"Come home to Shelbourne! HUGE double refrigerators in every unit, large living areas, & you can have your own private bedroom! Why share? In-unit washers and dryers (free), internet & big screen HDTV's. Stop by to take a tour and see for yourself what we have to offer! You can sure pay more, but you won't get much more. Convenient payment plans available. Come see what we have to offer..",823.510094958183,729.384824129177
"SNOWVIEW APARTMENTS","F","12 W 2ND S","(208) 359-5517",1345,1445,64,31,100,3,"www.snowviewapts.com",43.82217379,-111.784341,"Our location is unbeatable! Just a crosswalk away from the heart of campus and walking distance from a grocery store, movie theater, and fun restaurants.These town homes house 4 ladies (That means more fridge space than a 6-person apartment!) and the bedrooms and bathroom are upstairs completely separate from the large living area. SnowView offers free laundry and fresh remodels!",440.771999660585,845.602092741564
"SOMERSET APARTMENTS - MEN","M","480 S 1ST W","(208) 356-7699",1200,1200,108,80,150,1,"www.rexburghousing.com/somerset",43.81633696,-111.7875221,"Somerset is located directly across the street from the heart of BYU-Idaho's campus. With a large parking lot, a laundry room (not in the apt.), and 24-hour maintenance teams we offer top-notch service.  Come see our clubhouse where you can watch your favorite games and shoot pool with your buddies. We also have an onsite weight room, along with all of Rexburg Housing's other fantastic amenities!",467.435959788573,523.056448906571
"SOMERSET APARTMENTS - WOMEN","F","480 S 1ST W","(208) 356-7699",1200,1200,180,105,150,1,"www.rexburghousing.com/somerset",43.81633696,-111.7875221,"Somerset is located directly across the street from the heart of campus. These apartments had a major renovation completed in Fall 2015 for women.  The wards are fantastic and is all contained within Somerset. It is an experience you will love! We have a piano room, weight room, and large lounge where you can spend time with your friends.  Spaces fill up quickly-reserve your spot today!",467.435959788573,523.056448906571
"SPORI VILLA","M","174 COLLEGE AVE","(208) 351-8072",1045,1045,9,13,200,1,"",43.82230538,-111.7826727,"Very convenient to college (across the street) and to downtown (2 blocks). Remodeled home next to N. side of campus.  All utilities included.  Plenty of off street parking for tenants.   
Payment plans, if needed.   Plenty of parking.

Free Laundry. Utilities included.  High speed wireless included.

Sunroom, patio, fire-pit, lawn.",429.728908212684,831.961773274788
"SUNDANCE - MEN","M","266 W 3RD S","208-881-4685",1645,1675,156,100,100,6,"www.sundancerexburg.com",43.82002955,-111.7920283,"Sundance Apartments, BYU-Idaho’s newest Approved Housing for women and men is now leasing! Be the first to live in our custom built, high-end apartments located close to BYU-Idaho with amazing views and carefully planned gathering spaces and amenities.
We have 2 bedroom, 3 bedroom, and 4 bedroom units - all with private bathrooms, 65-in tvs, in apt laundry, and 2 fridges.",787.411919231805,1032.8507760918
"SUNDANCE - WOMEN","F","266 W 3RD S","208-360-0097",1645,1675,152,100,75,6,"sundancerexburg.com",43.82002955,-111.7920283,"Sundance Apartments, BYU-I’s newest Approved Housing for women and men is now leasing! Indoor hallways, carefully planned gathering areas..workout room in building, as well as numerous study rooms. Enjoy the game room in the men's building as well.
2 bedroom 3 bedroom and 4 bedroom units & each bedroom has it's own private bath, 65-in tvs, washer and dryer in unit, and 2 fridges.",787.411919231805,1032.8507760918
"SUNSET HALL","F","175 W 3RD S","208-359-0920",1027.5,1060,14,10,80,3,"www.rexburgstudenthousing.com/new/property/15",43.8200102,-111.7883,"Sunset Hall is a house with two separate floors and entries making it comfortable, homey, and spacious! The property is a house less than 1 block from campus and the Hart Building (fitness center). Each floor has a washer/dryer, dishwasher, a huge kitchen, and plenty of vanity space to get ready each day. You’ll share the Avonlea lounge with a TV for movie nights, study tables, and a piano room!",498.90872832443,799.029578839572
"TOWERS I","M","333 W 6TH S","208-359-5965",1550,1550,168,168,100,1,"thetowersrexburg.com",43.81314349,-111.7925915,"Offering more square footage than other new complexes, The Towers I is BYU-Idaho approved student housing for Men. Located close to campus, The Towers offer many amenities, including assigned underground parking, enclosed hallways, washer & dryers in each unit, high speed internet, lounge, theatre room, double insulated piano room, oh and guaranteed parking year round! Call today 208-569-6411!",1003.39832086909,925.587164128912
"TOWERS II","F","335 W 5TH S","208-390-3706",1645,1695,248,248,100,3,"thetowerstwo.com",43.81508282,-111.7934042,"The Towers Two was built with you in mind! Assigned underground parking, the safety of enclosed hallways, a theater room, a gym, and several lounges-providing lots to do! Inside each unit, you have the luxury of a washer/dryer, 2 fridges, a spacious living room, & huge bedrooms. Have more questions or want to come in for a tour? Call or text us at (208)390-3706.",954.020627276615,970.886973727478
"UNIVERSITY VIEW - MEN","M","649 S 2ND W","208-356-6556",1375,1375,264,50,150,2,"Universityviewrexburg.com",43.81259768,-111.788308,"Our 1,430 sq. feet apartments are located near campus and feature a full size washer and dryer in each apartment.  The apartments are complete with two full bathrooms, three bedrooms, and several storage areas.  Amenities include TWO FREE SHUTTLES to and from campus, large fitness center with dance and aerobic floor, two large lounges with kitchens and several study rooms.",800.296466066773,615.307061521102
"UNIVERSITY VIEW - WOMEN","F","649 S 2ND W","(208) 356-6556",1350,1375,450,100,150,5,"Universityviewrexburg.com",43.81259768,-111.788308,"Our 1,430 sq. feet apartments are located near campus and feature a full size washer and dryer in each apartment.  The apartments are complete with two full bathrooms, three bedrooms, and several storage areas. Amenities include FREE SHUTTLES to and from campus, large fitness center with dance and aerobic floor, two large lounges with kitchens and several study rooms. NOW OFFERING RENOVATED UNITS!",800.296466066773,615.307061521102
"WHITFIELD HOUSE","F","175 E 2ND S","208-356-3001",1432.5,1625,7,50,80,3,"www.rexburgstudenthousing.com/new/property/6",43.822083,-111.778657,"Converting to women's housing Spring 2022! Whitfield House is a popular home with 1 shared and 5 private bedrooms with lots of extra space and privacy to study and rest. Less than 1 block from campus, the home has a large floor plan; a spacious living room; plenty of storage; tons of parking; a lounge with ping-pong, foosball, TV, study tables, and piano.",508.843804686461,828.91258522539
"WINDSOR MANOR - MEN","M","125 E 2ND S","208-356-6789",1749,1749,136,87,300,11,"www.windsormanor.net",43.82215444,-111.780645,"Feel at home at Windsor Manor, 2 minutes from campus. 
We sort your mail, clean if your roommate doesn't pass, provide super fast maintenance response.
In your apartment, bathroom per bedroom, vacuum, washer/dryer + more…thermostat w/AC.
On-site off-track storage, gym, study/conference rooms for game nights, theater for you + 15 others, music rooms.
Visit our website to begin your adventure.",438.585475146646,810.185215247577
"WINDSOR MANOR - WOMEN","F","125 E 2ND S","208-356-6789",1749,1749,208,87,300,11,"www.windsormanor.net",43.82215444,-111.780645,"Feel at home at Windsor Manor, 2 minutes from campus. 
We sort your mail, clean if your roommate doesn't pass, provide super fast maintenance response.
In your apartment, bathroom per bedroom, vacuum, washer/dryer + more…thermostat w/AC.
On-site off-track storage, gym, study/conference rooms for game nights, theater for you + 15 others, music rooms.
Visit our website to begin your adventure.",438.585475146646,810.185215247577
